2026-06-02 21:46:32,156 | WARNING | services.startup_guards | - | startup_guard: MONGO_URL embeds username and password directly in the connection string. Move credentials to a secret manager or use environment variable interpolation.
2026-06-02 21:46:32,157 | WARNING | services.startup_guards | - | startup_guard: JWT_ALLOW_WEAK_SECRET=1 is set. JWT_SECRET_KEY will be auto-generated per-process; all tokens will be invalidated on restart and the server is not safe for production.
2026-06-02 21:46:32,157 | WARNING | services.startup_guards | - | startup_guard: FRONTEND_ORIGINS is not set; defaulting to http://localhost:3000
2026-06-02 21:46:32,157 | INFO | server | - | SKIP_BROWSER_WARMUP=1 set; skipping Playwright warmup at startup
2026-06-02 21:47:52,931 | INFO | backend.agent.services.website_health_service | None | Starting website health analysis for execution 032cf14b-b95f-475a-9dc8-3d66e09e7501
2026-06-02 21:47:53,048 | ERROR | backend.agent.services.visual_issue_service | None | Failed to analyze image artifacts/032cf14b-b95f-475a-9dc8-3d66e09e7501/initial.png: cannot access local variable 'size' where it is not associated with a value
Traceback (most recent call last):
  File "C:\Internship\ai-testing-platform\backend\agent\services\visual_issue_service.py", line 40, in analyze_visuals
    if size < 16000:
       ^^^^
UnboundLocalError: cannot access local variable 'size' where it is not associated with a value
2026-06-02 21:47:53,068 | INFO | backend.agent.services.website_health_service | None | Website health analysis complete: score=80
2026-06-02 21:47:53,185 | INFO | phase1 | None | ENFORCE_TERMINAL_WRITE test_id=032cf14b-b95f-475a-9dc8-3d66e09e7501 status=failed failure_reason=legacy_execution_exception matched=1 modified=1 upserted_id=None
2026-06-02 21:54:07,153 | INFO | phase1 | None | PROGRESS_CALLBACK_WRITE test_id=d669d971-33a4-4597-92c8-f5f90d104707 msg='Original Action: input -> Normalized Action: input' type=action_translation stream_logs_count=1
2026-06-02 21:54:07,364 | INFO | phase1 | None | PROGRESS_CALLBACK_WRITE test_id=d669d971-33a4-4597-92c8-f5f90d104707 msg='Original Action: input -> Normalized Action: input' type=action_translation stream_logs_count=2
2026-06-02 21:54:07,538 | INFO | phase1 | None | PROGRESS_CALLBACK_WRITE test_id=d669d971-33a4-4597-92c8-f5f90d104707 msg='Original Action: click -> Normalized Action: click' type=action_translation stream_logs_count=3
2026-06-02 21:54:07,730 | INFO | phase1 | None | PROGRESS_CALLBACK_WRITE test_id=d669d971-33a4-4597-92c8-f5f90d104707 msg='Original Action: verify -> Normalized Action: verify' type=action_translation stream_logs_count=4
2026-06-02 21:54:07,886 | INFO | phase1 | None | PROGRESS_CALLBACK_WRITE test_id=d669d971-33a4-4597-92c8-f5f90d104707 msg='Executing scenario: User Management - Session Handling' type=run_status stream_logs_count=5
2026-06-02 21:54:08,040 | INFO | phase1 | None | PROGRESS_CALLBACK_WRITE test_id=d669d971-33a4-4597-92c8-f5f90d104707 msg='Starting scenario timer: User Management - Session Handling' type=run_status stream_logs_count=6
2026-06-02 21:54:08,194 | INFO | phase1 | None | PROGRESS_CALLBACK_WRITE test_id=d669d971-33a4-4597-92c8-f5f90d104707 msg='Using shared BrowserSessionManager' type=run_status stream_logs_count=7
2026-06-02 21:54:08,586 | INFO | phase1 | None | PROGRESS_CALLBACK_WRITE test_id=d669d971-33a4-4597-92c8-f5f90d104707 msg='Opening https://www.saucedemo.com/' type=run_status stream_logs_count=8
2026-06-02 21:54:08,740 | INFO | phase1 | None | PROGRESS_CALLBACK_WRITE test_id=d669d971-33a4-4597-92c8-f5f90d104707 msg='' type=timing stream_logs_count=9
2026-06-02 21:54:09,562 | INFO | phase1 | None | PROGRESS_CALLBACK_WRITE test_id=d669d971-33a4-4597-92c8-f5f90d104707 msg='' type=timing stream_logs_count=10
2026-06-02 21:54:09,992 | INFO | phase1 | None | PROGRESS_CALLBACK_WRITE test_id=d669d971-33a4-4597-92c8-f5f90d104707 msg='Opened https://www.saucedemo.com/' type=run_status stream_logs_count=11
2026-06-02 21:54:10,165 | INFO | phase1 | None | PROGRESS_CALLBACK_WRITE test_id=d669d971-33a4-4597-92c8-f5f90d104707 msg='' type=timing stream_logs_count=12
2026-06-02 21:54:10,544 | INFO | phase1 | None | PROGRESS_CALLBACK_WRITE test_id=d669d971-33a4-4597-92c8-f5f90d104707 msg='' type=timing stream_logs_count=13
2026-06-02 21:54:10,739 | INFO | phase1 | None | PROGRESS_CALLBACK_WRITE test_id=d669d971-33a4-4597-92c8-f5f90d104707 msg='' type=selector_diagnostics stream_logs_count=14
2026-06-02 21:54:10,915 | INFO | phase1 | None | PROGRESS_CALLBACK_WRITE test_id=d669d971-33a4-4597-92c8-f5f90d104707 msg='' type=timing stream_logs_count=15
2026-06-02 21:54:11,142 | INFO | phase1 | None | PROGRESS_CALLBACK_WRITE test_id=d669d971-33a4-4597-92c8-f5f90d104707 msg='' type=timing stream_logs_count=16
2026-06-02 21:54:11,333 | INFO | phase1 | None | PROGRESS_CALLBACK_WRITE test_id=d669d971-33a4-4597-92c8-f5f90d104707 msg='Executing input on username input' type=action_execution stream_logs_count=17
2026-06-02 21:54:11,536 | INFO | phase1 | None | PROGRESS_CALLBACK_WRITE test_id=d669d971-33a4-4597-92c8-f5f90d104707 msg='Found username input' type=action_execution stream_logs_count=18
2026-06-02 21:54:11,735 | INFO | phase1 | None | PROGRESS_CALLBACK_WRITE test_id=d669d971-33a4-4597-92c8-f5f90d104707 msg='Typing value into username input' type=action_execution stream_logs_count=19
2026-06-02 21:54:12,060 | INFO | phase1 | None | PROGRESS_CALLBACK_WRITE test_id=d669d971-33a4-4597-92c8-f5f90d104707 msg='' type=timing stream_logs_count=20
2026-06-02 21:54:12,889 | INFO | phase1 | None | PROGRESS_CALLBACK_WRITE test_id=d669d971-33a4-4597-92c8-f5f90d104707 msg='' type=timing stream_logs_count=21
2026-06-02 21:54:13,072 | INFO | phase1 | None | PROGRESS_CALLBACK_WRITE test_id=d669d971-33a4-4597-92c8-f5f90d104707 msg='' type=timing stream_logs_count=22
2026-06-02 21:54:13,301 | INFO | phase1 | None | PROGRESS_CALLBACK_WRITE test_id=d669d971-33a4-4597-92c8-f5f90d104707 msg='' type=timing stream_logs_count=23
2026-06-02 21:54:13,455 | INFO | phase1 | None | PROGRESS_CALLBACK_WRITE test_id=d669d971-33a4-4597-92c8-f5f90d104707 msg='' type=timing stream_logs_count=24
2026-06-02 21:54:13,646 | INFO | phase1 | None | PROGRESS_CALLBACK_WRITE test_id=d669d971-33a4-4597-92c8-f5f90d104707 msg='' type=timing stream_logs_count=25
2026-06-02 21:54:13,844 | INFO | phase1 | None | PROGRESS_CALLBACK_WRITE test_id=d669d971-33a4-4597-92c8-f5f90d104707 msg='' type=timing stream_logs_count=26
2026-06-02 21:54:14,084 | INFO | phase1 | None | PROGRESS_CALLBACK_WRITE test_id=d669d971-33a4-4597-92c8-f5f90d104707 msg='' type=timing stream_logs_count=27
2026-06-02 21:54:14,241 | INFO | phase1 | None | PROGRESS_CALLBACK_WRITE test_id=d669d971-33a4-4597-92c8-f5f90d104707 msg='' type=timing stream_logs_count=28
2026-06-02 21:54:14,506 | INFO | phase1 | None | PROGRESS_CALLBACK_WRITE test_id=d669d971-33a4-4597-92c8-f5f90d104707 msg='' type=timing stream_logs_count=29
2026-06-02 21:54:14,744 | INFO | phase1 | None | PROGRESS_CALLBACK_WRITE test_id=d669d971-33a4-4597-92c8-f5f90d104707 msg='' type=timing stream_logs_count=30
2026-06-02 21:54:15,139 | INFO | phase1 | None | PROGRESS_CALLBACK_WRITE test_id=d669d971-33a4-4597-92c8-f5f90d104707 msg='' type=screenshot stream_logs_count=31
2026-06-02 21:54:15,323 | INFO | phase1 | None | PROGRESS_CALLBACK_WRITE test_id=d669d971-33a4-4597-92c8-f5f90d104707 msg='' type=timing stream_logs_count=32
2026-06-02 21:54:15,594 | INFO | phase1 | None | PROGRESS_CALLBACK_WRITE test_id=d669d971-33a4-4597-92c8-f5f90d104707 msg='Step finished: input' type=timeline_step stream_logs_count=33
2026-06-02 21:54:15,811 | INFO | phase1 | None | PROGRESS_CALLBACK_WRITE test_id=d669d971-33a4-4597-92c8-f5f90d104707 msg='' type=timing stream_logs_count=34
2026-06-02 21:54:16,159 | INFO | phase1 | None | PROGRESS_CALLBACK_WRITE test_id=d669d971-33a4-4597-92c8-f5f90d104707 msg='' type=timing stream_logs_count=35
2026-06-02 21:54:16,721 | INFO | phase1 | None | PROGRESS_CALLBACK_WRITE test_id=d669d971-33a4-4597-92c8-f5f90d104707 msg='' type=selector_diagnostics stream_logs_count=36
2026-06-02 21:54:16,919 | INFO | phase1 | None | PROGRESS_CALLBACK_WRITE test_id=d669d971-33a4-4597-92c8-f5f90d104707 msg='' type=timing stream_logs_count=37
2026-06-02 21:54:17,128 | INFO | phase1 | None | PROGRESS_CALLBACK_WRITE test_id=d669d971-33a4-4597-92c8-f5f90d104707 msg='' type=timing stream_logs_count=38
2026-06-02 21:54:17,323 | INFO | phase1 | None | PROGRESS_CALLBACK_WRITE test_id=d669d971-33a4-4597-92c8-f5f90d104707 msg='Executing input on password input' type=action_execution stream_logs_count=39
2026-06-02 21:54:17,508 | INFO | phase1 | None | PROGRESS_CALLBACK_WRITE test_id=d669d971-33a4-4597-92c8-f5f90d104707 msg='Found password input' type=action_execution stream_logs_count=40
2026-06-02 21:54:17,692 | INFO | phase1 | None | PROGRESS_CALLBACK_WRITE test_id=d669d971-33a4-4597-92c8-f5f90d104707 msg='Typing value into password input' type=action_execution stream_logs_count=41
2026-06-02 21:54:17,886 | INFO | phase1 | None | PROGRESS_CALLBACK_WRITE test_id=d669d971-33a4-4597-92c8-f5f90d104707 msg='' type=timing stream_logs_count=42
2026-06-02 21:54:18,073 | INFO | phase1 | None | PROGRESS_CALLBACK_WRITE test_id=d669d971-33a4-4597-92c8-f5f90d104707 msg='' type=timing stream_logs_count=43
2026-06-02 21:54:18,230 | INFO | phase1 | None | PROGRESS_CALLBACK_WRITE test_id=d669d971-33a4-4597-92c8-f5f90d104707 msg='' type=timing stream_logs_count=44
2026-06-02 21:54:18,471 | INFO | phase1 | None | PROGRESS_CALLBACK_WRITE test_id=d669d971-33a4-4597-92c8-f5f90d104707 msg='' type=timing stream_logs_count=45
2026-06-02 21:54:18,638 | INFO | phase1 | None | PROGRESS_CALLBACK_WRITE test_id=d669d971-33a4-4597-92c8-f5f90d104707 msg='' type=timing stream_logs_count=46
2026-06-02 21:54:18,838 | INFO | phase1 | None | PROGRESS_CALLBACK_WRITE test_id=d669d971-33a4-4597-92c8-f5f90d104707 msg='' type=timing stream_logs_count=47
2026-06-02 21:54:19,066 | INFO | phase1 | None | PROGRESS_CALLBACK_WRITE test_id=d669d971-33a4-4597-92c8-f5f90d104707 msg='' type=timing stream_logs_count=48
2026-06-02 21:54:19,350 | INFO | phase1 | None | PROGRESS_CALLBACK_WRITE test_id=d669d971-33a4-4597-92c8-f5f90d104707 msg='' type=timing stream_logs_count=49
2026-06-02 21:54:19,514 | INFO | phase1 | None | PROGRESS_CALLBACK_WRITE test_id=d669d971-33a4-4597-92c8-f5f90d104707 msg='' type=timing stream_logs_count=50
2026-06-02 21:54:19,854 | INFO | phase1 | None | PROGRESS_CALLBACK_WRITE test_id=d669d971-33a4-4597-92c8-f5f90d104707 msg='' type=timing stream_logs_count=51
2026-06-02 21:54:20,016 | INFO | phase1 | None | PROGRESS_CALLBACK_WRITE test_id=d669d971-33a4-4597-92c8-f5f90d104707 msg='' type=timing stream_logs_count=52
2026-06-02 21:54:20,312 | INFO | phase1 | None | PROGRESS_CALLBACK_WRITE test_id=d669d971-33a4-4597-92c8-f5f90d104707 msg='' type=screenshot stream_logs_count=53
2026-06-02 21:54:20,508 | INFO | phase1 | None | PROGRESS_CALLBACK_WRITE test_id=d669d971-33a4-4597-92c8-f5f90d104707 msg='' type=timing stream_logs_count=54
2026-06-02 21:54:20,833 | INFO | phase1 | None | PROGRESS_CALLBACK_WRITE test_id=d669d971-33a4-4597-92c8-f5f90d104707 msg='Step finished: input' type=timeline_step stream_logs_count=55
2026-06-02 21:54:21,096 | INFO | phase1 | None | PROGRESS_CALLBACK_WRITE test_id=d669d971-33a4-4597-92c8-f5f90d104707 msg='' type=timing stream_logs_count=56
2026-06-02 21:54:21,707 | INFO | phase1 | None | PROGRESS_CALLBACK_WRITE test_id=d669d971-33a4-4597-92c8-f5f90d104707 msg='' type=timing stream_logs_count=57
2026-06-02 21:54:21,914 | INFO | phase1 | None | PROGRESS_CALLBACK_WRITE test_id=d669d971-33a4-4597-92c8-f5f90d104707 msg='' type=selector_diagnostics stream_logs_count=58
2026-06-02 21:54:22,125 | INFO | phase1 | None | PROGRESS_CALLBACK_WRITE test_id=d669d971-33a4-4597-92c8-f5f90d104707 msg='' type=timing stream_logs_count=59
2026-06-02 21:54:22,308 | INFO | phase1 | None | PROGRESS_CALLBACK_WRITE test_id=d669d971-33a4-4597-92c8-f5f90d104707 msg='' type=timing stream_logs_count=60
2026-06-02 21:54:22,526 | INFO | phase1 | None | PROGRESS_CALLBACK_WRITE test_id=d669d971-33a4-4597-92c8-f5f90d104707 msg='Executing click on login button' type=action_execution stream_logs_count=61
2026-06-02 21:54:22,746 | INFO | phase1 | None | PROGRESS_CALLBACK_WRITE test_id=d669d971-33a4-4597-92c8-f5f90d104707 msg='Clicking login button' type=action_execution stream_logs_count=62
2026-06-02 21:54:22,912 | INFO | phase1 | None | PROGRESS_CALLBACK_WRITE test_id=d669d971-33a4-4597-92c8-f5f90d104707 msg='' type=timing stream_logs_count=63
2026-06-02 21:54:23,132 | INFO | phase1 | None | PROGRESS_CALLBACK_WRITE test_id=d669d971-33a4-4597-92c8-f5f90d104707 msg='' type=timing stream_logs_count=64
2026-06-02 21:54:23,298 | INFO | phase1 | None | PROGRESS_CALLBACK_WRITE test_id=d669d971-33a4-4597-92c8-f5f90d104707 msg='' type=timing stream_logs_count=65
2026-06-02 21:54:23,562 | INFO | phase1 | None | PROGRESS_CALLBACK_WRITE test_id=d669d971-33a4-4597-92c8-f5f90d104707 msg='' type=timing stream_logs_count=66
2026-06-02 21:54:23,723 | INFO | phase1 | None | PROGRESS_CALLBACK_WRITE test_id=d669d971-33a4-4597-92c8-f5f90d104707 msg='' type=timing stream_logs_count=67
2026-06-02 21:54:23,924 | INFO | phase1 | None | PROGRESS_CALLBACK_WRITE test_id=d669d971-33a4-4597-92c8-f5f90d104707 msg='' type=timing stream_logs_count=68
2026-06-02 21:54:24,149 | INFO | phase1 | None | PROGRESS_CALLBACK_WRITE test_id=d669d971-33a4-4597-92c8-f5f90d104707 msg='' type=timing stream_logs_count=69
2026-06-02 21:54:25,038 | INFO | phase1 | None | PROGRESS_CALLBACK_WRITE test_id=d669d971-33a4-4597-92c8-f5f90d104707 msg='' type=timing stream_logs_count=70
2026-06-02 21:54:25,208 | INFO | phase1 | None | PROGRESS_CALLBACK_WRITE test_id=d669d971-33a4-4597-92c8-f5f90d104707 msg='' type=timing stream_logs_count=71
2026-06-02 21:54:25,550 | INFO | phase1 | None | PROGRESS_CALLBACK_WRITE test_id=d669d971-33a4-4597-92c8-f5f90d104707 msg='' type=timing stream_logs_count=72
2026-06-02 21:54:25,724 | INFO | phase1 | None | PROGRESS_CALLBACK_WRITE test_id=d669d971-33a4-4597-92c8-f5f90d104707 msg='' type=timing stream_logs_count=73
2026-06-02 21:54:26,036 | INFO | phase1 | None | PROGRESS_CALLBACK_WRITE test_id=d669d971-33a4-4597-92c8-f5f90d104707 msg='' type=screenshot stream_logs_count=74
2026-06-02 21:54:26,205 | INFO | phase1 | None | PROGRESS_CALLBACK_WRITE test_id=d669d971-33a4-4597-92c8-f5f90d104707 msg='' type=timing stream_logs_count=75
2026-06-02 21:54:26,466 | INFO | phase1 | None | PROGRESS_CALLBACK_WRITE test_id=d669d971-33a4-4597-92c8-f5f90d104707 msg='Step finished: click' type=timeline_step stream_logs_count=76
2026-06-02 21:54:26,637 | INFO | phase1 | None | PROGRESS_CALLBACK_WRITE test_id=d669d971-33a4-4597-92c8-f5f90d104707 msg='' type=timing stream_logs_count=77
2026-06-02 21:54:26,965 | INFO | phase1 | None | PROGRESS_CALLBACK_WRITE test_id=d669d971-33a4-4597-92c8-f5f90d104707 msg='' type=timing stream_logs_count=78
2026-06-02 21:54:27,222 | INFO | phase1 | None | PROGRESS_CALLBACK_WRITE test_id=d669d971-33a4-4597-92c8-f5f90d104707 msg='' type=selector_diagnostics stream_logs_count=79
2026-06-02 21:54:27,470 | INFO | phase1 | None | PROGRESS_CALLBACK_WRITE test_id=d669d971-33a4-4597-92c8-f5f90d104707 msg='' type=timing stream_logs_count=80
2026-06-02 21:54:27,716 | INFO | phase1 | None | PROGRESS_CALLBACK_WRITE test_id=d669d971-33a4-4597-92c8-f5f90d104707 msg='' type=timing stream_logs_count=81
2026-06-02 21:54:27,945 | INFO | phase1 | None | PROGRESS_CALLBACK_WRITE test_id=d669d971-33a4-4597-92c8-f5f90d104707 msg='Executing verify on inventory page' type=action_execution stream_logs_count=82
2026-06-02 21:54:28,421 | INFO | phase1 | None | PROGRESS_CALLBACK_WRITE test_id=d669d971-33a4-4597-92c8-f5f90d104707 msg='' type=screenshot stream_logs_count=83
2026-06-02 21:54:28,680 | INFO | phase1 | None | PROGRESS_CALLBACK_WRITE test_id=d669d971-33a4-4597-92c8-f5f90d104707 msg='Retrying verify via selector locator: .inventory_list' type=recovery_attempt stream_logs_count=84
2026-06-02 21:54:28,914 | INFO | phase1 | None | PROGRESS_CALLBACK_WRITE test_id=d669d971-33a4-4597-92c8-f5f90d104707 msg='' type=timing stream_logs_count=85
2026-06-02 21:54:29,232 | INFO | phase1 | None | PROGRESS_CALLBACK_WRITE test_id=d669d971-33a4-4597-92c8-f5f90d104707 msg='' type=timing stream_logs_count=86
2026-06-02 21:54:29,620 | INFO | phase1 | None | PROGRESS_CALLBACK_WRITE test_id=d669d971-33a4-4597-92c8-f5f90d104707 msg='Recovered step: verify' type=timeline_step stream_logs_count=87
2026-06-02 21:54:29,971 | INFO | services.execution | None | Closed shared browser session after execution-complete
2026-06-02 21:54:30,178 | INFO | phase1 | None | PROGRESS_CALLBACK_WRITE test_id=d669d971-33a4-4597-92c8-f5f90d104707 msg='Execution finished' type=run_status stream_logs_count=88
2026-06-02 21:54:30,764 | INFO | phase1 | None | PROGRESS_CALLBACK_WRITE test_id=d669d971-33a4-4597-92c8-f5f90d104707 msg='Original Action: click -> Normalized Action: click' type=action_translation stream_logs_count=91
2026-06-02 21:54:30,998 | INFO | phase1 | None | PROGRESS_CALLBACK_WRITE test_id=d669d971-33a4-4597-92c8-f5f90d104707 msg='Original Action: verify -> Normalized Action: verify' type=action_translation stream_logs_count=92
2026-06-02 21:54:31,275 | INFO | phase1 | None | PROGRESS_CALLBACK_WRITE test_id=d669d971-33a4-4597-92c8-f5f90d104707 msg='Executing scenario: Forms - Empty Submission' type=run_status stream_logs_count=93
2026-06-02 21:54:31,815 | INFO | phase1 | None | PROGRESS_CALLBACK_WRITE test_id=d669d971-33a4-4597-92c8-f5f90d104707 msg='Starting scenario timer: Forms - Empty Submission' type=run_status stream_logs_count=94
2026-06-02 21:54:32,045 | INFO | phase1 | None | PROGRESS_CALLBACK_WRITE test_id=d669d971-33a4-4597-92c8-f5f90d104707 msg='Using shared BrowserSessionManager' type=run_status stream_logs_count=95
2026-06-02 21:54:33,352 | INFO | phase1 | None | PROGRESS_CALLBACK_WRITE test_id=d669d971-33a4-4597-92c8-f5f90d104707 msg='Opening https://www.saucedemo.com/' type=run_status stream_logs_count=96
2026-06-02 21:54:33,582 | INFO | phase1 | None | PROGRESS_CALLBACK_WRITE test_id=d669d971-33a4-4597-92c8-f5f90d104707 msg='' type=timing stream_logs_count=97
2026-06-02 21:54:34,206 | INFO | phase1 | None | PROGRESS_CALLBACK_WRITE test_id=d669d971-33a4-4597-92c8-f5f90d104707 msg='' type=timing stream_logs_count=98
2026-06-02 21:54:34,414 | INFO | phase1 | None | PROGRESS_CALLBACK_WRITE test_id=d669d971-33a4-4597-92c8-f5f90d104707 msg='Opened https://www.saucedemo.com/' type=run_status stream_logs_count=99
2026-06-02 21:54:34,661 | INFO | phase1 | None | PROGRESS_CALLBACK_WRITE test_id=d669d971-33a4-4597-92c8-f5f90d104707 msg='Authenticated SauceDemo session detected; redirecting to inventory page' type=run_status stream_logs_count=100
2026-06-02 21:54:34,875 | INFO | phase1 | None | PROGRESS_CALLBACK_WRITE test_id=d669d971-33a4-4597-92c8-f5f90d104707 msg='' type=timing stream_logs_count=101
2026-06-02 21:54:35,230 | INFO | phase1 | None | PROGRESS_CALLBACK_WRITE test_id=d669d971-33a4-4597-92c8-f5f90d104707 msg='' type=timing stream_logs_count=102
2026-06-02 21:54:35,445 | INFO | phase1 | None | PROGRESS_CALLBACK_WRITE test_id=d669d971-33a4-4597-92c8-f5f90d104707 msg='' type=timing stream_logs_count=103
2026-06-02 21:54:35,763 | INFO | phase1 | None | PROGRESS_CALLBACK_WRITE test_id=d669d971-33a4-4597-92c8-f5f90d104707 msg='' type=timing stream_logs_count=104
2026-06-02 21:54:36,011 | INFO | phase1 | None | PROGRESS_CALLBACK_WRITE test_id=d669d971-33a4-4597-92c8-f5f90d104707 msg='' type=selector_diagnostics stream_logs_count=105
2026-06-02 21:54:36,228 | INFO | phase1 | None | PROGRESS_CALLBACK_WRITE test_id=d669d971-33a4-4597-92c8-f5f90d104707 msg='' type=timing stream_logs_count=106
2026-06-02 21:54:36,501 | INFO | phase1 | None | PROGRESS_CALLBACK_WRITE test_id=d669d971-33a4-4597-92c8-f5f90d104707 msg='' type=timing stream_logs_count=107
2026-06-02 21:54:36,707 | INFO | phase1 | None | PROGRESS_CALLBACK_WRITE test_id=d669d971-33a4-4597-92c8-f5f90d104707 msg='Executing click on Login' type=action_execution stream_logs_count=108
2026-06-02 21:54:36,930 | INFO | phase1 | None | PROGRESS_CALLBACK_WRITE test_id=d669d971-33a4-4597-92c8-f5f90d104707 msg='Clicking Login' type=action_execution stream_logs_count=109
2026-06-02 21:54:37,149 | INFO | phase1 | None | PROGRESS_CALLBACK_WRITE test_id=d669d971-33a4-4597-92c8-f5f90d104707 msg='' type=timing stream_logs_count=110
2026-06-02 21:54:39,413 | INFO | phase1 | None | PROGRESS_CALLBACK_WRITE test_id=d669d971-33a4-4597-92c8-f5f90d104707 msg='' type=timing stream_logs_count=111
2026-06-02 21:54:39,834 | INFO | phase1 | None | PROGRESS_CALLBACK_WRITE test_id=d669d971-33a4-4597-92c8-f5f90d104707 msg='' type=screenshot stream_logs_count=112
2026-06-02 21:54:40,043 | INFO | phase1 | None | PROGRESS_CALLBACK_WRITE test_id=d669d971-33a4-4597-92c8-f5f90d104707 msg='Retrying click via selector locator: #login-button' type=recovery_attempt stream_logs_count=113
2026-06-02 21:54:40,250 | INFO | phase1 | None | PROGRESS_CALLBACK_WRITE test_id=d669d971-33a4-4597-92c8-f5f90d104707 msg='' type=timing stream_logs_count=114
2026-06-02 21:54:45,527 | INFO | phase1 | None | PROGRESS_CALLBACK_WRITE test_id=d669d971-33a4-4597-92c8-f5f90d104707 msg='' type=timing stream_logs_count=115
2026-06-02 21:54:45,786 | INFO | phase1 | None | PROGRESS_CALLBACK_WRITE test_id=d669d971-33a4-4597-92c8-f5f90d104707 msg='Retrying click via selector locator: Login' type=recovery_attempt stream_logs_count=116
2026-06-02 21:54:46,001 | INFO | phase1 | None | PROGRESS_CALLBACK_WRITE test_id=d669d971-33a4-4597-92c8-f5f90d104707 msg='' type=timing stream_logs_count=117
2026-06-02 21:54:51,309 | INFO | phase1 | None | PROGRESS_CALLBACK_WRITE test_id=d669d971-33a4-4597-92c8-f5f90d104707 msg='' type=timing stream_logs_count=118
2026-06-02 21:54:51,597 | INFO | phase1 | None | PROGRESS_CALLBACK_WRITE test_id=d669d971-33a4-4597-92c8-f5f90d104707 msg='Step failed: click' type=bug_detected stream_logs_count=119
2026-06-02 21:54:51,831 | INFO | phase1 | None | PROGRESS_CALLBACK_WRITE test_id=d669d971-33a4-4597-92c8-f5f90d104707 msg='' type=timing stream_logs_count=120
2026-06-02 21:54:52,212 | INFO | phase1 | None | PROGRESS_CALLBACK_WRITE test_id=d669d971-33a4-4597-92c8-f5f90d104707 msg='' type=timing stream_logs_count=121
2026-06-02 21:54:52,603 | INFO | phase1 | None | PROGRESS_CALLBACK_WRITE test_id=d669d971-33a4-4597-92c8-f5f90d104707 msg='' type=selector_diagnostics stream_logs_count=122
2026-06-02 21:54:52,838 | INFO | phase1 | None | PROGRESS_CALLBACK_WRITE test_id=d669d971-33a4-4597-92c8-f5f90d104707 msg='' type=timing stream_logs_count=123
2026-06-02 21:54:53,180 | INFO | phase1 | None | PROGRESS_CALLBACK_WRITE test_id=d669d971-33a4-4597-92c8-f5f90d104707 msg='' type=timing stream_logs_count=124
2026-06-02 21:54:53,430 | INFO | phase1 | None | PROGRESS_CALLBACK_WRITE test_id=d669d971-33a4-4597-92c8-f5f90d104707 msg='Executing verify on empty submission blocked' type=action_execution stream_logs_count=125
2026-06-02 21:54:53,904 | INFO | phase1 | None | PROGRESS_CALLBACK_WRITE test_id=d669d971-33a4-4597-92c8-f5f90d104707 msg='' type=screenshot stream_logs_count=126
2026-06-02 21:54:54,125 | INFO | phase1 | None | PROGRESS_CALLBACK_WRITE test_id=d669d971-33a4-4597-92c8-f5f90d104707 msg='Retrying verify via selector locator: #add-to-cart-sauce-labs-backpack' type=recovery_attempt stream_logs_count=127
2026-06-02 21:54:54,403 | INFO | phase1 | None | PROGRESS_CALLBACK_WRITE test_id=d669d971-33a4-4597-92c8-f5f90d104707 msg='' type=timing stream_logs_count=128
2026-06-02 21:54:54,785 | INFO | phase1 | None | PROGRESS_CALLBACK_WRITE test_id=d669d971-33a4-4597-92c8-f5f90d104707 msg='' type=timing stream_logs_count=129
2026-06-02 21:54:55,180 | INFO | phase1 | None | PROGRESS_CALLBACK_WRITE test_id=d669d971-33a4-4597-92c8-f5f90d104707 msg='Recovered step: verify' type=timeline_step stream_logs_count=130
2026-06-02 21:54:55,399 | INFO | services.execution | None | Closed shared browser session after execution-complete
2026-06-02 21:54:55,630 | INFO | phase1 | None | PROGRESS_CALLBACK_WRITE test_id=d669d971-33a4-4597-92c8-f5f90d104707 msg='Execution finished' type=run_status stream_logs_count=131
2026-06-02 21:54:56,142 | INFO | phase1 | None | PROGRESS_CALLBACK_WRITE test_id=d669d971-33a4-4597-92c8-f5f90d104707 msg='Original Action: input -> Normalized Action: input' type=action_translation stream_logs_count=134
2026-06-02 21:54:56,378 | INFO | phase1 | None | PROGRESS_CALLBACK_WRITE test_id=d669d971-33a4-4597-92c8-f5f90d104707 msg='Original Action: input -> Normalized Action: input' type=action_translation stream_logs_count=135
2026-06-02 21:54:56,912 | INFO | phase1 | None | PROGRESS_CALLBACK_WRITE test_id=d669d971-33a4-4597-92c8-f5f90d104707 msg='Original Action: click -> Normalized Action: click' type=action_translation stream_logs_count=136
2026-06-02 21:54:57,204 | INFO | phase1 | None | PROGRESS_CALLBACK_WRITE test_id=d669d971-33a4-4597-92c8-f5f90d104707 msg='Original Action: verify -> Normalized Action: verify' type=action_translation stream_logs_count=137
2026-06-02 21:54:57,488 | INFO | phase1 | None | PROGRESS_CALLBACK_WRITE test_id=d669d971-33a4-4597-92c8-f5f90d104707 msg='Executing scenario: User Management - Boundary Values' type=run_status stream_logs_count=138
2026-06-02 21:54:57,768 | INFO | phase1 | None | PROGRESS_CALLBACK_WRITE test_id=d669d971-33a4-4597-92c8-f5f90d104707 msg='Starting scenario timer: User Management - Boundary Values' type=run_status stream_logs_count=139
2026-06-02 21:54:58,291 | INFO | phase1 | None | PROGRESS_CALLBACK_WRITE test_id=d669d971-33a4-4597-92c8-f5f90d104707 msg='Using shared BrowserSessionManager' type=run_status stream_logs_count=140
2026-06-02 21:54:59,041 | INFO | phase1 | None | PROGRESS_CALLBACK_WRITE test_id=d669d971-33a4-4597-92c8-f5f90d104707 msg='Opening https://www.saucedemo.com/' type=run_status stream_logs_count=141
2026-06-02 21:54:59,265 | INFO | phase1 | None | PROGRESS_CALLBACK_WRITE test_id=d669d971-33a4-4597-92c8-f5f90d104707 msg='' type=timing stream_logs_count=142
2026-06-02 21:55:00,140 | INFO | phase1 | None | PROGRESS_CALLBACK_WRITE test_id=d669d971-33a4-4597-92c8-f5f90d104707 msg='' type=timing stream_logs_count=143
2026-06-02 21:55:00,437 | INFO | phase1 | None | PROGRESS_CALLBACK_WRITE test_id=d669d971-33a4-4597-92c8-f5f90d104707 msg='Opened https://www.saucedemo.com/' type=run_status stream_logs_count=144
2026-06-02 21:55:00,705 | INFO | phase1 | None | PROGRESS_CALLBACK_WRITE test_id=d669d971-33a4-4597-92c8-f5f90d104707 msg='' type=timing stream_logs_count=145
2026-06-02 21:55:01,065 | INFO | phase1 | None | PROGRESS_CALLBACK_WRITE test_id=d669d971-33a4-4597-92c8-f5f90d104707 msg='' type=timing stream_logs_count=146
2026-06-02 21:55:01,324 | INFO | phase1 | None | PROGRESS_CALLBACK_WRITE test_id=d669d971-33a4-4597-92c8-f5f90d104707 msg='' type=selector_diagnostics stream_logs_count=147
2026-06-02 21:55:01,532 | INFO | phase1 | None | PROGRESS_CALLBACK_WRITE test_id=d669d971-33a4-4597-92c8-f5f90d104707 msg='' type=timing stream_logs_count=148
2026-06-02 21:55:01,762 | INFO | phase1 | None | PROGRESS_CALLBACK_WRITE test_id=d669d971-33a4-4597-92c8-f5f90d104707 msg='' type=timing stream_logs_count=149
2026-06-02 21:55:02,006 | INFO | phase1 | None | PROGRESS_CALLBACK_WRITE test_id=d669d971-33a4-4597-92c8-f5f90d104707 msg='Executing input on username input' type=action_execution stream_logs_count=150
2026-06-02 21:55:02,254 | INFO | phase1 | None | PROGRESS_CALLBACK_WRITE test_id=d669d971-33a4-4597-92c8-f5f90d104707 msg='Found username input' type=action_execution stream_logs_count=151
2026-06-02 21:55:02,509 | INFO | phase1 | None | PROGRESS_CALLBACK_WRITE test_id=d669d971-33a4-4597-92c8-f5f90d104707 msg='Typing value into username input' type=action_execution stream_logs_count=152
2026-06-02 21:55:02,750 | INFO | phase1 | None | PROGRESS_CALLBACK_WRITE test_id=d669d971-33a4-4597-92c8-f5f90d104707 msg='' type=timing stream_logs_count=153
2026-06-02 21:55:03,045 | INFO | phase1 | None | PROGRESS_CALLBACK_WRITE test_id=d669d971-33a4-4597-92c8-f5f90d104707 msg='' type=timing stream_logs_count=154
2026-06-02 21:55:03,368 | INFO | phase1 | None | PROGRESS_CALLBACK_WRITE test_id=d669d971-33a4-4597-92c8-f5f90d104707 msg='' type=timing stream_logs_count=155
2026-06-02 21:55:03,758 | INFO | phase1 | None | PROGRESS_CALLBACK_WRITE test_id=d669d971-33a4-4597-92c8-f5f90d104707 msg='' type=timing stream_logs_count=156
2026-06-02 21:55:03,964 | INFO | phase1 | None | PROGRESS_CALLBACK_WRITE test_id=d669d971-33a4-4597-92c8-f5f90d104707 msg='' type=timing stream_logs_count=157
2026-06-02 21:55:04,231 | INFO | phase1 | None | PROGRESS_CALLBACK_WRITE test_id=d669d971-33a4-4597-92c8-f5f90d104707 msg='' type=timing stream_logs_count=158
2026-06-02 21:55:04,496 | INFO | phase1 | None | PROGRESS_CALLBACK_WRITE test_id=d669d971-33a4-4597-92c8-f5f90d104707 msg='' type=timing stream_logs_count=159
2026-06-02 21:55:04,829 | INFO | phase1 | None | PROGRESS_CALLBACK_WRITE test_id=d669d971-33a4-4597-92c8-f5f90d104707 msg='' type=timing stream_logs_count=160
2026-06-02 21:55:05,038 | INFO | phase1 | None | PROGRESS_CALLBACK_WRITE test_id=d669d971-33a4-4597-92c8-f5f90d104707 msg='' type=timing stream_logs_count=161
2026-06-02 21:55:05,390 | INFO | phase1 | None | PROGRESS_CALLBACK_WRITE test_id=d669d971-33a4-4597-92c8-f5f90d104707 msg='' type=timing stream_logs_count=162
2026-06-02 21:55:05,600 | INFO | phase1 | None | PROGRESS_CALLBACK_WRITE test_id=d669d971-33a4-4597-92c8-f5f90d104707 msg='' type=timing stream_logs_count=163
2026-06-02 21:55:05,889 | INFO | phase1 | None | PROGRESS_CALLBACK_WRITE test_id=d669d971-33a4-4597-92c8-f5f90d104707 msg='' type=screenshot stream_logs_count=164
2026-06-02 21:55:06,096 | INFO | phase1 | None | PROGRESS_CALLBACK_WRITE test_id=d669d971-33a4-4597-92c8-f5f90d104707 msg='' type=timing stream_logs_count=165
2026-06-02 21:55:06,609 | INFO | phase1 | None | PROGRESS_CALLBACK_WRITE test_id=d669d971-33a4-4597-92c8-f5f90d104707 msg='Retrying input via selector locator: #user-name' type=recovery_attempt stream_logs_count=166
2026-06-02 21:55:06,888 | INFO | phase1 | None | PROGRESS_CALLBACK_WRITE test_id=d669d971-33a4-4597-92c8-f5f90d104707 msg='' type=timing stream_logs_count=167
2026-06-02 21:55:07,303 | INFO | phase1 | None | PROGRESS_CALLBACK_WRITE test_id=d669d971-33a4-4597-92c8-f5f90d104707 msg='' type=timing stream_logs_count=168
2026-06-02 21:55:07,532 | INFO | phase1 | None | PROGRESS_CALLBACK_WRITE test_id=d669d971-33a4-4597-92c8-f5f90d104707 msg='' type=timing stream_logs_count=169
2026-06-02 21:55:07,803 | INFO | phase1 | None | PROGRESS_CALLBACK_WRITE test_id=d669d971-33a4-4597-92c8-f5f90d104707 msg='' type=timing stream_logs_count=170
2026-06-02 21:55:08,089 | INFO | phase1 | None | PROGRESS_CALLBACK_WRITE test_id=d669d971-33a4-4597-92c8-f5f90d104707 msg='' type=timing stream_logs_count=171
2026-06-02 21:55:08,367 | INFO | phase1 | None | PROGRESS_CALLBACK_WRITE test_id=d669d971-33a4-4597-92c8-f5f90d104707 msg='' type=timing stream_logs_count=172
2026-06-02 21:55:08,809 | INFO | phase1 | None | PROGRESS_CALLBACK_WRITE test_id=d669d971-33a4-4597-92c8-f5f90d104707 msg='Step finished: input' type=timeline_step stream_logs_count=173
2026-06-02 21:55:09,033 | INFO | phase1 | None | PROGRESS_CALLBACK_WRITE test_id=d669d971-33a4-4597-92c8-f5f90d104707 msg='' type=timing stream_logs_count=174
2026-06-02 21:55:09,655 | INFO | phase1 | None | PROGRESS_CALLBACK_WRITE test_id=d669d971-33a4-4597-92c8-f5f90d104707 msg='' type=timing stream_logs_count=175
2026-06-02 21:55:09,913 | INFO | phase1 | None | PROGRESS_CALLBACK_WRITE test_id=d669d971-33a4-4597-92c8-f5f90d104707 msg='' type=selector_diagnostics stream_logs_count=176
2026-06-02 21:55:10,271 | INFO | phase1 | None | PROGRESS_CALLBACK_WRITE test_id=d669d971-33a4-4597-92c8-f5f90d104707 msg='' type=timing stream_logs_count=177
2026-06-02 21:55:10,501 | INFO | phase1 | None | PROGRESS_CALLBACK_WRITE test_id=d669d971-33a4-4597-92c8-f5f90d104707 msg='' type=timing stream_logs_count=178
2026-06-02 21:55:10,708 | INFO | phase1 | None | PROGRESS_CALLBACK_WRITE test_id=d669d971-33a4-4597-92c8-f5f90d104707 msg='Executing input on password input' type=action_execution stream_logs_count=179
2026-06-02 21:55:10,919 | INFO | phase1 | None | PROGRESS_CALLBACK_WRITE test_id=d669d971-33a4-4597-92c8-f5f90d104707 msg='Found password input' type=action_execution stream_logs_count=180
2026-06-02 21:55:11,172 | INFO | phase1 | None | PROGRESS_CALLBACK_WRITE test_id=d669d971-33a4-4597-92c8-f5f90d104707 msg='Typing value into password input' type=action_execution stream_logs_count=181
2026-06-02 21:55:11,381 | INFO | phase1 | None | PROGRESS_CALLBACK_WRITE test_id=d669d971-33a4-4597-92c8-f5f90d104707 msg='' type=timing stream_logs_count=182
2026-06-02 21:55:11,660 | INFO | phase1 | None | PROGRESS_CALLBACK_WRITE test_id=d669d971-33a4-4597-92c8-f5f90d104707 msg='' type=timing stream_logs_count=183
2026-06-02 21:55:11,881 | INFO | phase1 | None | PROGRESS_CALLBACK_WRITE test_id=d669d971-33a4-4597-92c8-f5f90d104707 msg='' type=timing stream_logs_count=184
2026-06-02 21:55:12,184 | INFO | phase1 | None | PROGRESS_CALLBACK_WRITE test_id=d669d971-33a4-4597-92c8-f5f90d104707 msg='' type=timing stream_logs_count=185
2026-06-02 21:55:12,397 | INFO | phase1 | None | PROGRESS_CALLBACK_WRITE test_id=d669d971-33a4-4597-92c8-f5f90d104707 msg='' type=timing stream_logs_count=186
2026-06-02 21:55:12,636 | INFO | phase1 | None | PROGRESS_CALLBACK_WRITE test_id=d669d971-33a4-4597-92c8-f5f90d104707 msg='' type=timing stream_logs_count=187
2026-06-02 21:55:12,904 | INFO | phase1 | None | PROGRESS_CALLBACK_WRITE test_id=d669d971-33a4-4597-92c8-f5f90d104707 msg='' type=timing stream_logs_count=188
2026-06-02 21:55:13,556 | INFO | phase1 | None | PROGRESS_CALLBACK_WRITE test_id=d669d971-33a4-4597-92c8-f5f90d104707 msg='' type=timing stream_logs_count=189
2026-06-02 21:55:13,764 | INFO | phase1 | None | PROGRESS_CALLBACK_WRITE test_id=d669d971-33a4-4597-92c8-f5f90d104707 msg='' type=timing stream_logs_count=190
2026-06-02 21:55:14,040 | INFO | phase1 | None | PROGRESS_CALLBACK_WRITE test_id=d669d971-33a4-4597-92c8-f5f90d104707 msg='' type=timing stream_logs_count=191
2026-06-02 21:55:14,257 | INFO | phase1 | None | PROGRESS_CALLBACK_WRITE test_id=d669d971-33a4-4597-92c8-f5f90d104707 msg='' type=timing stream_logs_count=192
2026-06-02 21:55:14,567 | INFO | phase1 | None | PROGRESS_CALLBACK_WRITE test_id=d669d971-33a4-4597-92c8-f5f90d104707 msg='' type=screenshot stream_logs_count=193
2026-06-02 21:55:14,795 | INFO | phase1 | None | PROGRESS_CALLBACK_WRITE test_id=d669d971-33a4-4597-92c8-f5f90d104707 msg='' type=timing stream_logs_count=194
2026-06-02 21:55:15,036 | INFO | phase1 | None | PROGRESS_CALLBACK_WRITE test_id=d669d971-33a4-4597-92c8-f5f90d104707 msg='Retrying input via selector locator: #password' type=recovery_attempt stream_logs_count=195
2026-06-02 21:55:15,273 | INFO | phase1 | None | PROGRESS_CALLBACK_WRITE test_id=d669d971-33a4-4597-92c8-f5f90d104707 msg='' type=timing stream_logs_count=196
2026-06-02 21:55:15,755 | INFO | phase1 | None | PROGRESS_CALLBACK_WRITE test_id=d669d971-33a4-4597-92c8-f5f90d104707 msg='' type=timing stream_logs_count=197
2026-06-02 21:55:15,973 | INFO | phase1 | None | PROGRESS_CALLBACK_WRITE test_id=d669d971-33a4-4597-92c8-f5f90d104707 msg='' type=timing stream_logs_count=198
2026-06-02 21:55:16,543 | INFO | phase1 | None | PROGRESS_CALLBACK_WRITE test_id=d669d971-33a4-4597-92c8-f5f90d104707 msg='' type=timing stream_logs_count=199
2026-06-02 21:55:16,816 | INFO | phase1 | None | PROGRESS_CALLBACK_WRITE test_id=d669d971-33a4-4597-92c8-f5f90d104707 msg='' type=timing stream_logs_count=200
2026-06-02 21:55:17,127 | INFO | phase1 | None | PROGRESS_CALLBACK_WRITE test_id=d669d971-33a4-4597-92c8-f5f90d104707 msg='' type=timing stream_logs_count=201
2026-06-02 21:55:17,545 | INFO | phase1 | None | PROGRESS_CALLBACK_WRITE test_id=d669d971-33a4-4597-92c8-f5f90d104707 msg='Step finished: input' type=timeline_step stream_logs_count=202
2026-06-02 21:55:17,759 | INFO | phase1 | None | PROGRESS_CALLBACK_WRITE test_id=d669d971-33a4-4597-92c8-f5f90d104707 msg='' type=timing stream_logs_count=203
2026-06-02 21:55:18,772 | INFO | phase1 | None | PROGRESS_CALLBACK_WRITE test_id=d669d971-33a4-4597-92c8-f5f90d104707 msg='' type=timing stream_logs_count=204
2026-06-02 21:55:19,621 | INFO | phase1 | None | PROGRESS_CALLBACK_WRITE test_id=d669d971-33a4-4597-92c8-f5f90d104707 msg='' type=selector_diagnostics stream_logs_count=205
2026-06-02 21:55:20,150 | INFO | phase1 | None | PROGRESS_CALLBACK_WRITE test_id=d669d971-33a4-4597-92c8-f5f90d104707 msg='' type=timing stream_logs_count=206
2026-06-02 21:55:20,410 | INFO | phase1 | None | PROGRESS_CALLBACK_WRITE test_id=d669d971-33a4-4597-92c8-f5f90d104707 msg='' type=timing stream_logs_count=207
2026-06-02 21:55:20,638 | INFO | phase1 | None | PROGRESS_CALLBACK_WRITE test_id=d669d971-33a4-4597-92c8-f5f90d104707 msg='Executing click on login button' type=action_execution stream_logs_count=208
2026-06-02 21:55:20,848 | INFO | phase1 | None | PROGRESS_CALLBACK_WRITE test_id=d669d971-33a4-4597-92c8-f5f90d104707 msg='Clicking login button' type=action_execution stream_logs_count=209
2026-06-02 21:55:21,064 | INFO | phase1 | None | PROGRESS_CALLBACK_WRITE test_id=d669d971-33a4-4597-92c8-f5f90d104707 msg='' type=timing stream_logs_count=210
2026-06-02 21:55:21,619 | INFO | phase1 | None | PROGRESS_CALLBACK_WRITE test_id=d669d971-33a4-4597-92c8-f5f90d104707 msg='' type=timing stream_logs_count=211
2026-06-02 21:55:22,183 | INFO | phase1 | None | PROGRESS_CALLBACK_WRITE test_id=d669d971-33a4-4597-92c8-f5f90d104707 msg='' type=timing stream_logs_count=212
2026-06-02 21:55:22,507 | INFO | phase1 | None | PROGRESS_CALLBACK_WRITE test_id=d669d971-33a4-4597-92c8-f5f90d104707 msg='' type=timing stream_logs_count=213
2026-06-02 21:55:22,736 | INFO | phase1 | None | PROGRESS_CALLBACK_WRITE test_id=d669d971-33a4-4597-92c8-f5f90d104707 msg='' type=timing stream_logs_count=214
2026-06-02 21:55:23,063 | INFO | phase1 | None | PROGRESS_CALLBACK_WRITE test_id=d669d971-33a4-4597-92c8-f5f90d104707 msg='' type=timing stream_logs_count=215
2026-06-02 21:55:23,306 | INFO | phase1 | None | PROGRESS_CALLBACK_WRITE test_id=d669d971-33a4-4597-92c8-f5f90d104707 msg='' type=timing stream_logs_count=216
2026-06-02 21:55:23,973 | INFO | phase1 | None | PROGRESS_CALLBACK_WRITE test_id=d669d971-33a4-4597-92c8-f5f90d104707 msg='' type=timing stream_logs_count=217
2026-06-02 21:55:24,221 | INFO | phase1 | None | PROGRESS_CALLBACK_WRITE test_id=d669d971-33a4-4597-92c8-f5f90d104707 msg='' type=timing stream_logs_count=218
2026-06-02 21:55:24,542 | INFO | phase1 | None | PROGRESS_CALLBACK_WRITE test_id=d669d971-33a4-4597-92c8-f5f90d104707 msg='' type=timing stream_logs_count=219
2026-06-02 21:55:24,774 | INFO | phase1 | None | PROGRESS_CALLBACK_WRITE test_id=d669d971-33a4-4597-92c8-f5f90d104707 msg='' type=timing stream_logs_count=220
2026-06-02 21:55:25,162 | INFO | phase1 | None | PROGRESS_CALLBACK_WRITE test_id=d669d971-33a4-4597-92c8-f5f90d104707 msg='' type=screenshot stream_logs_count=221
2026-06-02 21:55:25,448 | INFO | phase1 | None | PROGRESS_CALLBACK_WRITE test_id=d669d971-33a4-4597-92c8-f5f90d104707 msg='' type=timing stream_logs_count=222
2026-06-02 21:55:25,692 | INFO | phase1 | None | PROGRESS_CALLBACK_WRITE test_id=d669d971-33a4-4597-92c8-f5f90d104707 msg='Retrying click via selector locator: #login-button' type=recovery_attempt stream_logs_count=223
2026-06-02 21:55:25,958 | INFO | phase1 | None | PROGRESS_CALLBACK_WRITE test_id=d669d971-33a4-4597-92c8-f5f90d104707 msg='' type=timing stream_logs_count=224
2026-06-02 21:55:31,196 | INFO | phase1 | None | PROGRESS_CALLBACK_WRITE test_id=d669d971-33a4-4597-92c8-f5f90d104707 msg='' type=timing stream_logs_count=225
2026-06-02 21:55:31,446 | INFO | phase1 | None | PROGRESS_CALLBACK_WRITE test_id=d669d971-33a4-4597-92c8-f5f90d104707 msg='Retrying click via selector locator: login button' type=recovery_attempt stream_logs_count=226
2026-06-02 21:55:31,698 | INFO | phase1 | None | PROGRESS_CALLBACK_WRITE test_id=d669d971-33a4-4597-92c8-f5f90d104707 msg='' type=timing stream_logs_count=227
2026-06-02 21:55:36,955 | INFO | phase1 | None | PROGRESS_CALLBACK_WRITE test_id=d669d971-33a4-4597-92c8-f5f90d104707 msg='' type=timing stream_logs_count=228
2026-06-02 21:55:37,491 | INFO | phase1 | None | PROGRESS_CALLBACK_WRITE test_id=d669d971-33a4-4597-92c8-f5f90d104707 msg='Step finished: click' type=timeline_step stream_logs_count=229
2026-06-02 21:55:37,619 | INFO | phase1 | None | PROGRESS_CALLBACK_WRITE test_id=d669d971-33a4-4597-92c8-f5f90d104707 msg='' type=timing stream_logs_count=230
2026-06-02 21:55:37,945 | INFO | phase1 | None | PROGRESS_CALLBACK_WRITE test_id=d669d971-33a4-4597-92c8-f5f90d104707 msg='' type=timing stream_logs_count=231
2026-06-02 21:55:38,142 | INFO | phase1 | None | PROGRESS_CALLBACK_WRITE test_id=d669d971-33a4-4597-92c8-f5f90d104707 msg='' type=selector_diagnostics stream_logs_count=232
2026-06-02 21:55:38,260 | INFO | phase1 | None | PROGRESS_CALLBACK_WRITE test_id=d669d971-33a4-4597-92c8-f5f90d104707 msg='' type=timing stream_logs_count=233
2026-06-02 21:55:38,386 | INFO | phase1 | None | PROGRESS_CALLBACK_WRITE test_id=d669d971-33a4-4597-92c8-f5f90d104707 msg='' type=timing stream_logs_count=234
2026-06-02 21:55:38,508 | INFO | phase1 | None | PROGRESS_CALLBACK_WRITE test_id=d669d971-33a4-4597-92c8-f5f90d104707 msg='Executing verify on inventory page' type=action_execution stream_logs_count=235
2026-06-02 21:55:38,871 | INFO | phase1 | None | PROGRESS_CALLBACK_WRITE test_id=d669d971-33a4-4597-92c8-f5f90d104707 msg='' type=screenshot stream_logs_count=236
2026-06-02 21:55:39,012 | INFO | phase1 | None | PROGRESS_CALLBACK_WRITE test_id=d669d971-33a4-4597-92c8-f5f90d104707 msg='Retrying verify via selector locator: .inventory_list' type=recovery_attempt stream_logs_count=237
2026-06-02 21:55:39,130 | INFO | phase1 | None | PROGRESS_CALLBACK_WRITE test_id=d669d971-33a4-4597-92c8-f5f90d104707 msg='' type=timing stream_logs_count=238
2026-06-02 21:55:39,320 | INFO | phase1 | None | PROGRESS_CALLBACK_WRITE test_id=d669d971-33a4-4597-92c8-f5f90d104707 msg='' type=timing stream_logs_count=239
2026-06-02 21:55:39,536 | INFO | phase1 | None | PROGRESS_CALLBACK_WRITE test_id=d669d971-33a4-4597-92c8-f5f90d104707 msg='Step failed: verify' type=bug_detected stream_logs_count=240
2026-06-02 21:55:39,784 | INFO | services.execution | None | Closed shared browser session after execution-complete
2026-06-02 21:55:39,898 | INFO | phase1 | None | PROGRESS_CALLBACK_WRITE test_id=d669d971-33a4-4597-92c8-f5f90d104707 msg='Execution finished' type=run_status stream_logs_count=241
2026-06-02 21:55:40,236 | INFO | phase1 | None | PROGRESS_CALLBACK_WRITE test_id=d669d971-33a4-4597-92c8-f5f90d104707 msg='Original Action: input -> Normalized Action: input' type=action_translation stream_logs_count=242
2026-06-02 21:55:40,335 | INFO | phase1 | None | PROGRESS_CALLBACK_WRITE test_id=d669d971-33a4-4597-92c8-f5f90d104707 msg='Original Action: input -> Normalized Action: input' type=action_translation stream_logs_count=243
2026-06-02 21:55:40,710 | INFO | phase1 | None | PROGRESS_CALLBACK_WRITE test_id=d669d971-33a4-4597-92c8-f5f90d104707 msg='Original Action: click -> Normalized Action: click' type=action_translation stream_logs_count=244
2026-06-02 21:55:40,826 | INFO | phase1 | None | PROGRESS_CALLBACK_WRITE test_id=d669d971-33a4-4597-92c8-f5f90d104707 msg='Original Action: verify -> Normalized Action: verify' type=action_translation stream_logs_count=245
2026-06-02 21:55:40,933 | INFO | phase1 | None | PROGRESS_CALLBACK_WRITE test_id=d669d971-33a4-4597-92c8-f5f90d104707 msg='Executing scenario: User Management - Invalid Input' type=run_status stream_logs_count=246
2026-06-02 21:55:41,031 | INFO | phase1 | None | PROGRESS_CALLBACK_WRITE test_id=d669d971-33a4-4597-92c8-f5f90d104707 msg='Starting scenario timer: User Management - Invalid Input' type=run_status stream_logs_count=247
2026-06-02 21:55:41,135 | INFO | phase1 | None | PROGRESS_CALLBACK_WRITE test_id=d669d971-33a4-4597-92c8-f5f90d104707 msg='Using shared BrowserSessionManager' type=run_status stream_logs_count=248
2026-06-02 21:55:41,568 | INFO | phase1 | None | PROGRESS_CALLBACK_WRITE test_id=d669d971-33a4-4597-92c8-f5f90d104707 msg='Opening https://www.saucedemo.com/' type=run_status stream_logs_count=249
2026-06-02 21:55:41,665 | INFO | phase1 | None | PROGRESS_CALLBACK_WRITE test_id=d669d971-33a4-4597-92c8-f5f90d104707 msg='' type=timing stream_logs_count=250
2026-06-02 21:55:42,386 | INFO | phase1 | None | PROGRESS_CALLBACK_WRITE test_id=d669d971-33a4-4597-92c8-f5f90d104707 msg='' type=timing stream_logs_count=251
2026-06-02 21:55:42,485 | INFO | phase1 | None | PROGRESS_CALLBACK_WRITE test_id=d669d971-33a4-4597-92c8-f5f90d104707 msg='Opened https://www.saucedemo.com/' type=run_status stream_logs_count=252
2026-06-02 21:55:42,583 | INFO | phase1 | None | PROGRESS_CALLBACK_WRITE test_id=d669d971-33a4-4597-92c8-f5f90d104707 msg='' type=timing stream_logs_count=253
2026-06-02 21:55:42,798 | INFO | phase1 | None | PROGRESS_CALLBACK_WRITE test_id=d669d971-33a4-4597-92c8-f5f90d104707 msg='' type=timing stream_logs_count=254
2026-06-02 21:55:42,956 | INFO | phase1 | None | PROGRESS_CALLBACK_WRITE test_id=d669d971-33a4-4597-92c8-f5f90d104707 msg='' type=selector_diagnostics stream_logs_count=255
2026-06-02 21:55:43,050 | INFO | phase1 | None | PROGRESS_CALLBACK_WRITE test_id=d669d971-33a4-4597-92c8-f5f90d104707 msg='' type=timing stream_logs_count=256
2026-06-02 21:55:43,284 | INFO | phase1 | None | PROGRESS_CALLBACK_WRITE test_id=d669d971-33a4-4597-92c8-f5f90d104707 msg='' type=timing stream_logs_count=257
2026-06-02 21:55:43,378 | INFO | phase1 | None | PROGRESS_CALLBACK_WRITE test_id=d669d971-33a4-4597-92c8-f5f90d104707 msg='Executing input on username input' type=action_execution stream_logs_count=258
2026-06-02 21:55:43,479 | INFO | phase1 | None | PROGRESS_CALLBACK_WRITE test_id=d669d971-33a4-4597-92c8-f5f90d104707 msg='Found username input' type=action_execution stream_logs_count=259
2026-06-02 21:55:43,577 | INFO | phase1 | None | PROGRESS_CALLBACK_WRITE test_id=d669d971-33a4-4597-92c8-f5f90d104707 msg='Typing value into username input' type=action_execution stream_logs_count=260
2026-06-02 21:55:43,673 | INFO | phase1 | None | PROGRESS_CALLBACK_WRITE test_id=d669d971-33a4-4597-92c8-f5f90d104707 msg='' type=timing stream_logs_count=261
2026-06-02 21:55:43,832 | INFO | phase1 | None | PROGRESS_CALLBACK_WRITE test_id=d669d971-33a4-4597-92c8-f5f90d104707 msg='' type=timing stream_logs_count=262
2026-06-02 21:55:43,935 | INFO | phase1 | None | PROGRESS_CALLBACK_WRITE test_id=d669d971-33a4-4597-92c8-f5f90d104707 msg='' type=timing stream_logs_count=263
2026-06-02 21:55:44,086 | INFO | phase1 | None | PROGRESS_CALLBACK_WRITE test_id=d669d971-33a4-4597-92c8-f5f90d104707 msg='' type=timing stream_logs_count=264
2026-06-02 21:55:44,182 | INFO | phase1 | None | PROGRESS_CALLBACK_WRITE test_id=d669d971-33a4-4597-92c8-f5f90d104707 msg='' type=timing stream_logs_count=265
2026-06-02 21:55:44,296 | INFO | phase1 | None | PROGRESS_CALLBACK_WRITE test_id=d669d971-33a4-4597-92c8-f5f90d104707 msg='' type=timing stream_logs_count=266
2026-06-02 21:55:44,412 | INFO | phase1 | None | PROGRESS_CALLBACK_WRITE test_id=d669d971-33a4-4597-92c8-f5f90d104707 msg='' type=timing stream_logs_count=267
2026-06-02 21:55:44,540 | INFO | phase1 | None | PROGRESS_CALLBACK_WRITE test_id=d669d971-33a4-4597-92c8-f5f90d104707 msg='' type=timing stream_logs_count=268
2026-06-02 21:55:44,635 | INFO | phase1 | None | PROGRESS_CALLBACK_WRITE test_id=d669d971-33a4-4597-92c8-f5f90d104707 msg='' type=timing stream_logs_count=269
2026-06-02 21:55:44,816 | INFO | phase1 | None | PROGRESS_CALLBACK_WRITE test_id=d669d971-33a4-4597-92c8-f5f90d104707 msg='' type=timing stream_logs_count=270
2026-06-02 21:55:44,923 | INFO | phase1 | None | PROGRESS_CALLBACK_WRITE test_id=d669d971-33a4-4597-92c8-f5f90d104707 msg='' type=timing stream_logs_count=271
2026-06-02 21:55:45,088 | INFO | phase1 | None | PROGRESS_CALLBACK_WRITE test_id=d669d971-33a4-4597-92c8-f5f90d104707 msg='' type=screenshot stream_logs_count=272
2026-06-02 21:55:45,179 | INFO | phase1 | None | PROGRESS_CALLBACK_WRITE test_id=d669d971-33a4-4597-92c8-f5f90d104707 msg='' type=timing stream_logs_count=273
2026-06-02 21:55:45,301 | INFO | phase1 | None | PROGRESS_CALLBACK_WRITE test_id=d669d971-33a4-4597-92c8-f5f90d104707 msg='Retrying input via selector locator: #user-name' type=recovery_attempt stream_logs_count=274
2026-06-02 21:55:45,392 | INFO | phase1 | None | PROGRESS_CALLBACK_WRITE test_id=d669d971-33a4-4597-92c8-f5f90d104707 msg='' type=timing stream_logs_count=275
2026-06-02 21:55:45,570 | INFO | phase1 | None | PROGRESS_CALLBACK_WRITE test_id=d669d971-33a4-4597-92c8-f5f90d104707 msg='' type=timing stream_logs_count=276
2026-06-02 21:55:45,708 | INFO | phase1 | None | PROGRESS_CALLBACK_WRITE test_id=d669d971-33a4-4597-92c8-f5f90d104707 msg='' type=timing stream_logs_count=277
2026-06-02 21:55:45,992 | INFO | phase1 | None | PROGRESS_CALLBACK_WRITE test_id=d669d971-33a4-4597-92c8-f5f90d104707 msg='' type=timing stream_logs_count=278
2026-06-02 21:55:46,157 | INFO | phase1 | None | PROGRESS_CALLBACK_WRITE test_id=d669d971-33a4-4597-92c8-f5f90d104707 msg='' type=timing stream_logs_count=279
2026-06-02 21:55:46,600 | INFO | phase1 | None | PROGRESS_CALLBACK_WRITE test_id=d669d971-33a4-4597-92c8-f5f90d104707 msg='' type=timing stream_logs_count=280
2026-06-02 21:55:46,864 | INFO | phase1 | None | PROGRESS_CALLBACK_WRITE test_id=d669d971-33a4-4597-92c8-f5f90d104707 msg='Step finished: input' type=timeline_step stream_logs_count=281
2026-06-02 21:55:46,975 | INFO | phase1 | None | PROGRESS_CALLBACK_WRITE test_id=d669d971-33a4-4597-92c8-f5f90d104707 msg='' type=timing stream_logs_count=282
2026-06-02 21:55:47,185 | INFO | phase1 | None | PROGRESS_CALLBACK_WRITE test_id=d669d971-33a4-4597-92c8-f5f90d104707 msg='' type=timing stream_logs_count=283
2026-06-02 21:55:47,349 | INFO | phase1 | None | PROGRESS_CALLBACK_WRITE test_id=d669d971-33a4-4597-92c8-f5f90d104707 msg='' type=selector_diagnostics stream_logs_count=284
2026-06-02 21:55:47,458 | INFO | phase1 | None | PROGRESS_CALLBACK_WRITE test_id=d669d971-33a4-4597-92c8-f5f90d104707 msg='' type=timing stream_logs_count=285
2026-06-02 21:55:47,591 | INFO | phase1 | None | PROGRESS_CALLBACK_WRITE test_id=d669d971-33a4-4597-92c8-f5f90d104707 msg='' type=timing stream_logs_count=286
2026-06-02 21:55:47,709 | INFO | phase1 | None | PROGRESS_CALLBACK_WRITE test_id=d669d971-33a4-4597-92c8-f5f90d104707 msg='Executing input on password input' type=action_execution stream_logs_count=287
2026-06-02 21:55:47,834 | INFO | phase1 | None | PROGRESS_CALLBACK_WRITE test_id=d669d971-33a4-4597-92c8-f5f90d104707 msg='Found password input' type=action_execution stream_logs_count=288
2026-06-02 21:55:47,949 | INFO | phase1 | None | PROGRESS_CALLBACK_WRITE test_id=d669d971-33a4-4597-92c8-f5f90d104707 msg='Typing value into password input' type=action_execution stream_logs_count=289
2026-06-02 21:55:48,067 | INFO | phase1 | None | PROGRESS_CALLBACK_WRITE test_id=d669d971-33a4-4597-92c8-f5f90d104707 msg='' type=timing stream_logs_count=290
2026-06-02 21:55:48,268 | INFO | phase1 | None | PROGRESS_CALLBACK_WRITE test_id=d669d971-33a4-4597-92c8-f5f90d104707 msg='' type=timing stream_logs_count=291
2026-06-02 21:55:48,381 | INFO | phase1 | None | PROGRESS_CALLBACK_WRITE test_id=d669d971-33a4-4597-92c8-f5f90d104707 msg='' type=timing stream_logs_count=292
2026-06-02 21:55:48,630 | INFO | phase1 | None | PROGRESS_CALLBACK_WRITE test_id=d669d971-33a4-4597-92c8-f5f90d104707 msg='' type=timing stream_logs_count=293
2026-06-02 21:55:48,743 | INFO | phase1 | None | PROGRESS_CALLBACK_WRITE test_id=d669d971-33a4-4597-92c8-f5f90d104707 msg='' type=timing stream_logs_count=294
2026-06-02 21:55:48,885 | INFO | phase1 | None | PROGRESS_CALLBACK_WRITE test_id=d669d971-33a4-4597-92c8-f5f90d104707 msg='' type=timing stream_logs_count=295
2026-06-02 21:55:49,012 | INFO | phase1 | None | PROGRESS_CALLBACK_WRITE test_id=d669d971-33a4-4597-92c8-f5f90d104707 msg='' type=timing stream_logs_count=296
2026-06-02 21:55:49,243 | INFO | phase1 | None | PROGRESS_CALLBACK_WRITE test_id=d669d971-33a4-4597-92c8-f5f90d104707 msg='' type=timing stream_logs_count=297
2026-06-02 21:55:49,348 | INFO | phase1 | None | PROGRESS_CALLBACK_WRITE test_id=d669d971-33a4-4597-92c8-f5f90d104707 msg='' type=timing stream_logs_count=298
2026-06-02 21:55:49,546 | INFO | phase1 | None | PROGRESS_CALLBACK_WRITE test_id=d669d971-33a4-4597-92c8-f5f90d104707 msg='' type=timing stream_logs_count=299
2026-06-02 21:55:49,650 | INFO | phase1 | None | PROGRESS_CALLBACK_WRITE test_id=d669d971-33a4-4597-92c8-f5f90d104707 msg='' type=timing stream_logs_count=300
2026-06-02 21:55:49,836 | INFO | phase1 | None | PROGRESS_CALLBACK_WRITE test_id=d669d971-33a4-4597-92c8-f5f90d104707 msg='' type=screenshot stream_logs_count=301
2026-06-02 21:55:49,937 | INFO | phase1 | None | PROGRESS_CALLBACK_WRITE test_id=d669d971-33a4-4597-92c8-f5f90d104707 msg='' type=timing stream_logs_count=302
2026-06-02 21:55:50,053 | INFO | phase1 | None | PROGRESS_CALLBACK_WRITE test_id=d669d971-33a4-4597-92c8-f5f90d104707 msg='Retrying input via selector locator: #password' type=recovery_attempt stream_logs_count=303
2026-06-02 21:55:50,152 | INFO | phase1 | None | PROGRESS_CALLBACK_WRITE test_id=d669d971-33a4-4597-92c8-f5f90d104707 msg='' type=timing stream_logs_count=304
2026-06-02 21:55:50,321 | INFO | phase1 | None | PROGRESS_CALLBACK_WRITE test_id=d669d971-33a4-4597-92c8-f5f90d104707 msg='' type=timing stream_logs_count=305
2026-06-02 21:55:50,423 | INFO | phase1 | None | PROGRESS_CALLBACK_WRITE test_id=d669d971-33a4-4597-92c8-f5f90d104707 msg='' type=timing stream_logs_count=306
2026-06-02 21:55:50,562 | INFO | phase1 | None | PROGRESS_CALLBACK_WRITE test_id=d669d971-33a4-4597-92c8-f5f90d104707 msg='' type=timing stream_logs_count=307
2026-06-02 21:55:50,723 | INFO | phase1 | None | PROGRESS_CALLBACK_WRITE test_id=d669d971-33a4-4597-92c8-f5f90d104707 msg='' type=timing stream_logs_count=308
2026-06-02 21:55:50,844 | INFO | phase1 | None | PROGRESS_CALLBACK_WRITE test_id=d669d971-33a4-4597-92c8-f5f90d104707 msg='' type=timing stream_logs_count=309
2026-06-02 21:55:51,129 | INFO | phase1 | None | PROGRESS_CALLBACK_WRITE test_id=d669d971-33a4-4597-92c8-f5f90d104707 msg='Step finished: input' type=timeline_step stream_logs_count=310
2026-06-02 21:55:51,241 | INFO | phase1 | None | PROGRESS_CALLBACK_WRITE test_id=d669d971-33a4-4597-92c8-f5f90d104707 msg='' type=timing stream_logs_count=311
2026-06-02 21:55:51,483 | INFO | phase1 | None | PROGRESS_CALLBACK_WRITE test_id=d669d971-33a4-4597-92c8-f5f90d104707 msg='' type=timing stream_logs_count=312
2026-06-02 21:55:51,638 | INFO | phase1 | None | PROGRESS_CALLBACK_WRITE test_id=d669d971-33a4-4597-92c8-f5f90d104707 msg='' type=selector_diagnostics stream_logs_count=313
2026-06-02 21:55:51,745 | INFO | phase1 | None | PROGRESS_CALLBACK_WRITE test_id=d669d971-33a4-4597-92c8-f5f90d104707 msg='' type=timing stream_logs_count=314
2026-06-02 21:55:51,917 | INFO | phase1 | None | PROGRESS_CALLBACK_WRITE test_id=d669d971-33a4-4597-92c8-f5f90d104707 msg='' type=timing stream_logs_count=315
2026-06-02 21:55:52,173 | INFO | phase1 | None | PROGRESS_CALLBACK_WRITE test_id=d669d971-33a4-4597-92c8-f5f90d104707 msg='Executing click on login button' type=action_execution stream_logs_count=316
2026-06-02 21:55:52,276 | INFO | phase1 | None | PROGRESS_CALLBACK_WRITE test_id=d669d971-33a4-4597-92c8-f5f90d104707 msg='Clicking login button' type=action_execution stream_logs_count=317
2026-06-02 21:55:52,379 | INFO | phase1 | None | PROGRESS_CALLBACK_WRITE test_id=d669d971-33a4-4597-92c8-f5f90d104707 msg='' type=timing stream_logs_count=318
2026-06-02 21:55:52,542 | INFO | phase1 | None | PROGRESS_CALLBACK_WRITE test_id=d669d971-33a4-4597-92c8-f5f90d104707 msg='' type=timing stream_logs_count=319
2026-06-02 21:55:52,643 | INFO | phase1 | None | PROGRESS_CALLBACK_WRITE test_id=d669d971-33a4-4597-92c8-f5f90d104707 msg='' type=timing stream_logs_count=320
2026-06-02 21:55:52,827 | INFO | phase1 | None | PROGRESS_CALLBACK_WRITE test_id=d669d971-33a4-4597-92c8-f5f90d104707 msg='' type=timing stream_logs_count=321
2026-06-02 21:55:52,934 | INFO | phase1 | None | PROGRESS_CALLBACK_WRITE test_id=d669d971-33a4-4597-92c8-f5f90d104707 msg='' type=timing stream_logs_count=322
2026-06-02 21:55:53,096 | INFO | phase1 | None | PROGRESS_CALLBACK_WRITE test_id=d669d971-33a4-4597-92c8-f5f90d104707 msg='' type=timing stream_logs_count=323
2026-06-02 21:55:53,232 | INFO | phase1 | None | PROGRESS_CALLBACK_WRITE test_id=d669d971-33a4-4597-92c8-f5f90d104707 msg='' type=timing stream_logs_count=324
2026-06-02 21:55:53,444 | INFO | phase1 | None | PROGRESS_CALLBACK_WRITE test_id=d669d971-33a4-4597-92c8-f5f90d104707 msg='' type=timing stream_logs_count=325
2026-06-02 21:55:53,548 | INFO | phase1 | None | PROGRESS_CALLBACK_WRITE test_id=d669d971-33a4-4597-92c8-f5f90d104707 msg='' type=timing stream_logs_count=326
2026-06-02 21:55:53,705 | INFO | phase1 | None | PROGRESS_CALLBACK_WRITE test_id=d669d971-33a4-4597-92c8-f5f90d104707 msg='' type=timing stream_logs_count=327
2026-06-02 21:55:53,831 | INFO | phase1 | None | PROGRESS_CALLBACK_WRITE test_id=d669d971-33a4-4597-92c8-f5f90d104707 msg='' type=timing stream_logs_count=328
2026-06-02 21:55:54,028 | INFO | phase1 | None | PROGRESS_CALLBACK_WRITE test_id=d669d971-33a4-4597-92c8-f5f90d104707 msg='' type=screenshot stream_logs_count=329
2026-06-02 21:55:54,128 | INFO | phase1 | None | PROGRESS_CALLBACK_WRITE test_id=d669d971-33a4-4597-92c8-f5f90d104707 msg='' type=timing stream_logs_count=330
2026-06-02 21:55:54,325 | INFO | phase1 | None | PROGRESS_CALLBACK_WRITE test_id=d669d971-33a4-4597-92c8-f5f90d104707 msg='Step finished: click' type=timeline_step stream_logs_count=331
2026-06-02 21:55:54,427 | INFO | phase1 | None | PROGRESS_CALLBACK_WRITE test_id=d669d971-33a4-4597-92c8-f5f90d104707 msg='' type=timing stream_logs_count=332
2026-06-02 21:55:54,781 | INFO | phase1 | None | PROGRESS_CALLBACK_WRITE test_id=d669d971-33a4-4597-92c8-f5f90d104707 msg='' type=timing stream_logs_count=333
2026-06-02 21:55:55,073 | INFO | phase1 | None | PROGRESS_CALLBACK_WRITE test_id=d669d971-33a4-4597-92c8-f5f90d104707 msg='' type=selector_diagnostics stream_logs_count=334
2026-06-02 21:55:55,245 | INFO | phase1 | None | PROGRESS_CALLBACK_WRITE test_id=d669d971-33a4-4597-92c8-f5f90d104707 msg='' type=timing stream_logs_count=335
2026-06-02 21:55:55,458 | INFO | phase1 | None | PROGRESS_CALLBACK_WRITE test_id=d669d971-33a4-4597-92c8-f5f90d104707 msg='' type=timing stream_logs_count=336
2026-06-02 21:55:55,594 | INFO | phase1 | None | PROGRESS_CALLBACK_WRITE test_id=d669d971-33a4-4597-92c8-f5f90d104707 msg='Executing verify on error message' type=action_execution stream_logs_count=337
2026-06-02 21:55:55,837 | INFO | phase1 | None | PROGRESS_CALLBACK_WRITE test_id=d669d971-33a4-4597-92c8-f5f90d104707 msg='' type=screenshot stream_logs_count=338
2026-06-02 21:55:55,961 | INFO | phase1 | None | PROGRESS_CALLBACK_WRITE test_id=d669d971-33a4-4597-92c8-f5f90d104707 msg='Retrying verify via selector locator: text="error message"' type=recovery_attempt stream_logs_count=339
2026-06-02 21:55:56,078 | INFO | phase1 | None | PROGRESS_CALLBACK_WRITE test_id=d669d971-33a4-4597-92c8-f5f90d104707 msg='' type=timing stream_logs_count=340
2026-06-02 21:56:01,174 | INFO | phase1 | None | PROGRESS_CALLBACK_WRITE test_id=d669d971-33a4-4597-92c8-f5f90d104707 msg='' type=timing stream_logs_count=341
2026-06-02 21:56:01,542 | INFO | phase1 | None | PROGRESS_CALLBACK_WRITE test_id=d669d971-33a4-4597-92c8-f5f90d104707 msg='Retrying verify via selector locator: error message' type=recovery_attempt stream_logs_count=342
2026-06-02 21:56:01,665 | INFO | phase1 | None | PROGRESS_CALLBACK_WRITE test_id=d669d971-33a4-4597-92c8-f5f90d104707 msg='' type=timing stream_logs_count=343
2026-06-02 21:56:06,900 | INFO | phase1 | None | PROGRESS_CALLBACK_WRITE test_id=d669d971-33a4-4597-92c8-f5f90d104707 msg='' type=timing stream_logs_count=344
2026-06-02 21:56:07,008 | INFO | phase1 | None | PROGRESS_CALLBACK_WRITE test_id=d669d971-33a4-4597-92c8-f5f90d104707 msg='Step failed: verify' type=bug_detected stream_logs_count=345
2026-06-02 21:56:07,148 | INFO | services.execution | None | Closed shared browser session after execution-complete
2026-06-02 21:56:07,278 | INFO | phase1 | None | PROGRESS_CALLBACK_WRITE test_id=d669d971-33a4-4597-92c8-f5f90d104707 msg='Execution finished' type=run_status stream_logs_count=346
2026-06-02 21:56:07,784 | INFO | phase1 | None | PROGRESS_CALLBACK_WRITE test_id=d669d971-33a4-4597-92c8-f5f90d104707 msg='Original Action: input -> Normalized Action: input' type=action_translation stream_logs_count=347
2026-06-02 21:56:07,920 | INFO | phase1 | None | PROGRESS_CALLBACK_WRITE test_id=d669d971-33a4-4597-92c8-f5f90d104707 msg='Original Action: input -> Normalized Action: input' type=action_translation stream_logs_count=348
2026-06-02 21:56:08,038 | INFO | phase1 | None | PROGRESS_CALLBACK_WRITE test_id=d669d971-33a4-4597-92c8-f5f90d104707 msg='Original Action: click -> Normalized Action: click' type=action_translation stream_logs_count=349
2026-06-02 21:56:08,153 | INFO | phase1 | None | PROGRESS_CALLBACK_WRITE test_id=d669d971-33a4-4597-92c8-f5f90d104707 msg='Original Action: verify -> Normalized Action: verify' type=action_translation stream_logs_count=350
2026-06-02 21:56:08,276 | INFO | phase1 | None | PROGRESS_CALLBACK_WRITE test_id=d669d971-33a4-4597-92c8-f5f90d104707 msg='Executing scenario: User Management - Empty Fields' type=run_status stream_logs_count=351
2026-06-02 21:56:08,421 | INFO | phase1 | None | PROGRESS_CALLBACK_WRITE test_id=d669d971-33a4-4597-92c8-f5f90d104707 msg='Starting scenario timer: User Management - Empty Fields' type=run_status stream_logs_count=352
2026-06-02 21:56:08,533 | INFO | phase1 | None | PROGRESS_CALLBACK_WRITE test_id=d669d971-33a4-4597-92c8-f5f90d104707 msg='Using shared BrowserSessionManager' type=run_status stream_logs_count=353
2026-06-02 21:56:09,144 | INFO | phase1 | None | PROGRESS_CALLBACK_WRITE test_id=d669d971-33a4-4597-92c8-f5f90d104707 msg='Opening https://www.saucedemo.com/' type=run_status stream_logs_count=354
2026-06-02 21:56:09,250 | INFO | phase1 | None | PROGRESS_CALLBACK_WRITE test_id=d669d971-33a4-4597-92c8-f5f90d104707 msg='' type=timing stream_logs_count=355
2026-06-02 21:56:10,293 | INFO | phase1 | None | PROGRESS_CALLBACK_WRITE test_id=d669d971-33a4-4597-92c8-f5f90d104707 msg='' type=timing stream_logs_count=356
2026-06-02 21:56:10,412 | INFO | phase1 | None | PROGRESS_CALLBACK_WRITE test_id=d669d971-33a4-4597-92c8-f5f90d104707 msg='Opened https://www.saucedemo.com/' type=run_status stream_logs_count=357
2026-06-02 21:56:10,524 | INFO | phase1 | None | PROGRESS_CALLBACK_WRITE test_id=d669d971-33a4-4597-92c8-f5f90d104707 msg='' type=timing stream_logs_count=358
2026-06-02 21:56:10,786 | INFO | phase1 | None | PROGRESS_CALLBACK_WRITE test_id=d669d971-33a4-4597-92c8-f5f90d104707 msg='' type=timing stream_logs_count=359
2026-06-02 21:56:10,933 | INFO | phase1 | None | PROGRESS_CALLBACK_WRITE test_id=d669d971-33a4-4597-92c8-f5f90d104707 msg='' type=selector_diagnostics stream_logs_count=360
2026-06-02 21:56:11,037 | INFO | phase1 | None | PROGRESS_CALLBACK_WRITE test_id=d669d971-33a4-4597-92c8-f5f90d104707 msg='' type=timing stream_logs_count=361
2026-06-02 21:56:11,155 | INFO | phase1 | None | PROGRESS_CALLBACK_WRITE test_id=d669d971-33a4-4597-92c8-f5f90d104707 msg='' type=timing stream_logs_count=362
2026-06-02 21:56:11,540 | INFO | phase1 | None | PROGRESS_CALLBACK_WRITE test_id=d669d971-33a4-4597-92c8-f5f90d104707 msg='Executing input on username input' type=action_execution stream_logs_count=363
2026-06-02 21:56:11,648 | INFO | phase1 | None | PROGRESS_CALLBACK_WRITE test_id=d669d971-33a4-4597-92c8-f5f90d104707 msg='Found username input' type=action_execution stream_logs_count=364
2026-06-02 21:56:11,788 | INFO | phase1 | None | PROGRESS_CALLBACK_WRITE test_id=d669d971-33a4-4597-92c8-f5f90d104707 msg='Typing value into username input' type=action_execution stream_logs_count=365
2026-06-02 21:56:12,187 | INFO | phase1 | None | PROGRESS_CALLBACK_WRITE test_id=d669d971-33a4-4597-92c8-f5f90d104707 msg='' type=timing stream_logs_count=366
2026-06-02 21:56:12,413 | INFO | phase1 | None | PROGRESS_CALLBACK_WRITE test_id=d669d971-33a4-4597-92c8-f5f90d104707 msg='' type=timing stream_logs_count=367
2026-06-02 21:56:12,532 | INFO | phase1 | None | PROGRESS_CALLBACK_WRITE test_id=d669d971-33a4-4597-92c8-f5f90d104707 msg='' type=timing stream_logs_count=368
2026-06-02 21:56:12,743 | INFO | phase1 | None | PROGRESS_CALLBACK_WRITE test_id=d669d971-33a4-4597-92c8-f5f90d104707 msg='' type=timing stream_logs_count=369
2026-06-02 21:56:12,924 | INFO | phase1 | None | PROGRESS_CALLBACK_WRITE test_id=d669d971-33a4-4597-92c8-f5f90d104707 msg='' type=timing stream_logs_count=370
2026-06-02 21:56:13,069 | INFO | phase1 | None | PROGRESS_CALLBACK_WRITE test_id=d669d971-33a4-4597-92c8-f5f90d104707 msg='' type=timing stream_logs_count=371
2026-06-02 21:56:13,216 | INFO | phase1 | None | PROGRESS_CALLBACK_WRITE test_id=d669d971-33a4-4597-92c8-f5f90d104707 msg='' type=timing stream_logs_count=372
2026-06-02 21:56:13,396 | INFO | phase1 | None | PROGRESS_CALLBACK_WRITE test_id=d669d971-33a4-4597-92c8-f5f90d104707 msg='' type=timing stream_logs_count=373
2026-06-02 21:56:13,509 | INFO | phase1 | None | PROGRESS_CALLBACK_WRITE test_id=d669d971-33a4-4597-92c8-f5f90d104707 msg='' type=timing stream_logs_count=374
2026-06-02 21:56:13,768 | INFO | phase1 | None | PROGRESS_CALLBACK_WRITE test_id=d669d971-33a4-4597-92c8-f5f90d104707 msg='' type=timing stream_logs_count=375
2026-06-02 21:56:13,891 | INFO | phase1 | None | PROGRESS_CALLBACK_WRITE test_id=d669d971-33a4-4597-92c8-f5f90d104707 msg='' type=timing stream_logs_count=376
2026-06-02 21:56:14,151 | INFO | phase1 | None | PROGRESS_CALLBACK_WRITE test_id=d669d971-33a4-4597-92c8-f5f90d104707 msg='' type=screenshot stream_logs_count=377
2026-06-02 21:56:14,288 | INFO | phase1 | None | PROGRESS_CALLBACK_WRITE test_id=d669d971-33a4-4597-92c8-f5f90d104707 msg='' type=timing stream_logs_count=378
2026-06-02 21:56:14,525 | INFO | phase1 | None | PROGRESS_CALLBACK_WRITE test_id=d669d971-33a4-4597-92c8-f5f90d104707 msg='Retrying input via selector locator: #user-name' type=recovery_attempt stream_logs_count=379
2026-06-02 21:56:14,664 | INFO | phase1 | None | PROGRESS_CALLBACK_WRITE test_id=d669d971-33a4-4597-92c8-f5f90d104707 msg='' type=timing stream_logs_count=380
2026-06-02 21:56:14,931 | INFO | phase1 | None | PROGRESS_CALLBACK_WRITE test_id=d669d971-33a4-4597-92c8-f5f90d104707 msg='' type=timing stream_logs_count=381
2026-06-02 21:56:15,144 | INFO | phase1 | None | PROGRESS_CALLBACK_WRITE test_id=d669d971-33a4-4597-92c8-f5f90d104707 msg='' type=timing stream_logs_count=382
2026-06-02 21:56:15,369 | INFO | phase1 | None | PROGRESS_CALLBACK_WRITE test_id=d669d971-33a4-4597-92c8-f5f90d104707 msg='' type=timing stream_logs_count=383
2026-06-02 21:56:15,596 | INFO | phase1 | None | PROGRESS_CALLBACK_WRITE test_id=d669d971-33a4-4597-92c8-f5f90d104707 msg='' type=timing stream_logs_count=384
2026-06-02 21:56:15,920 | INFO | phase1 | None | PROGRESS_CALLBACK_WRITE test_id=d669d971-33a4-4597-92c8-f5f90d104707 msg='' type=timing stream_logs_count=385
2026-06-02 21:56:16,542 | INFO | phase1 | None | PROGRESS_CALLBACK_WRITE test_id=d669d971-33a4-4597-92c8-f5f90d104707 msg='Step finished: input' type=timeline_step stream_logs_count=386
2026-06-02 21:56:16,757 | INFO | phase1 | None | PROGRESS_CALLBACK_WRITE test_id=d669d971-33a4-4597-92c8-f5f90d104707 msg='' type=timing stream_logs_count=387
2026-06-02 21:56:17,418 | INFO | phase1 | None | PROGRESS_CALLBACK_WRITE test_id=d669d971-33a4-4597-92c8-f5f90d104707 msg='' type=timing stream_logs_count=388
2026-06-02 21:56:17,734 | INFO | phase1 | None | PROGRESS_CALLBACK_WRITE test_id=d669d971-33a4-4597-92c8-f5f90d104707 msg='' type=selector_diagnostics stream_logs_count=389
2026-06-02 21:56:17,954 | INFO | phase1 | None | PROGRESS_CALLBACK_WRITE test_id=d669d971-33a4-4597-92c8-f5f90d104707 msg='' type=timing stream_logs_count=390
2026-06-02 21:56:18,272 | INFO | phase1 | None | PROGRESS_CALLBACK_WRITE test_id=d669d971-33a4-4597-92c8-f5f90d104707 msg='' type=timing stream_logs_count=391
2026-06-02 21:56:18,790 | INFO | phase1 | None | PROGRESS_CALLBACK_WRITE test_id=d669d971-33a4-4597-92c8-f5f90d104707 msg='Executing input on password input' type=action_execution stream_logs_count=392
2026-06-02 21:56:18,990 | INFO | phase1 | None | PROGRESS_CALLBACK_WRITE test_id=d669d971-33a4-4597-92c8-f5f90d104707 msg='Found password input' type=action_execution stream_logs_count=393
2026-06-02 21:56:19,401 | INFO | phase1 | None | PROGRESS_CALLBACK_WRITE test_id=d669d971-33a4-4597-92c8-f5f90d104707 msg='Typing value into password input' type=action_execution stream_logs_count=394
2026-06-02 21:56:19,621 | INFO | phase1 | None | PROGRESS_CALLBACK_WRITE test_id=d669d971-33a4-4597-92c8-f5f90d104707 msg='' type=timing stream_logs_count=395
2026-06-02 21:56:19,851 | INFO | phase1 | None | PROGRESS_CALLBACK_WRITE test_id=d669d971-33a4-4597-92c8-f5f90d104707 msg='' type=timing stream_logs_count=396
2026-06-02 21:56:20,065 | INFO | phase1 | None | PROGRESS_CALLBACK_WRITE test_id=d669d971-33a4-4597-92c8-f5f90d104707 msg='' type=timing stream_logs_count=397
2026-06-02 21:56:20,277 | INFO | phase1 | None | PROGRESS_CALLBACK_WRITE test_id=d669d971-33a4-4597-92c8-f5f90d104707 msg='' type=timing stream_logs_count=398
2026-06-02 21:56:20,492 | INFO | phase1 | None | PROGRESS_CALLBACK_WRITE test_id=d669d971-33a4-4597-92c8-f5f90d104707 msg='' type=timing stream_logs_count=399
2026-06-02 21:56:20,914 | INFO | phase1 | None | PROGRESS_CALLBACK_WRITE test_id=d669d971-33a4-4597-92c8-f5f90d104707 msg='' type=timing stream_logs_count=400
2026-06-02 21:56:21,129 | INFO | phase1 | None | PROGRESS_CALLBACK_WRITE test_id=d669d971-33a4-4597-92c8-f5f90d104707 msg='' type=timing stream_logs_count=401
2026-06-02 21:56:21,329 | INFO | phase1 | None | PROGRESS_CALLBACK_WRITE test_id=d669d971-33a4-4597-92c8-f5f90d104707 msg='' type=timing stream_logs_count=402
2026-06-02 21:56:21,651 | INFO | phase1 | None | PROGRESS_CALLBACK_WRITE test_id=d669d971-33a4-4597-92c8-f5f90d104707 msg='' type=timing stream_logs_count=403
2026-06-02 21:56:21,959 | INFO | phase1 | None | PROGRESS_CALLBACK_WRITE test_id=d669d971-33a4-4597-92c8-f5f90d104707 msg='' type=timing stream_logs_count=404
2026-06-02 21:56:22,386 | INFO | phase1 | None | PROGRESS_CALLBACK_WRITE test_id=d669d971-33a4-4597-92c8-f5f90d104707 msg='' type=timing stream_logs_count=405
2026-06-02 21:56:22,716 | INFO | phase1 | None | PROGRESS_CALLBACK_WRITE test_id=d669d971-33a4-4597-92c8-f5f90d104707 msg='' type=screenshot stream_logs_count=406
2026-06-02 21:56:22,933 | INFO | phase1 | None | PROGRESS_CALLBACK_WRITE test_id=d669d971-33a4-4597-92c8-f5f90d104707 msg='' type=timing stream_logs_count=407
2026-06-02 21:56:23,608 | INFO | phase1 | None | PROGRESS_CALLBACK_WRITE test_id=d669d971-33a4-4597-92c8-f5f90d104707 msg='Retrying input via selector locator: #password' type=recovery_attempt stream_logs_count=408
2026-06-02 21:56:23,926 | INFO | phase1 | None | PROGRESS_CALLBACK_WRITE test_id=d669d971-33a4-4597-92c8-f5f90d104707 msg='' type=timing stream_logs_count=409
2026-06-02 21:56:24,263 | INFO | phase1 | None | PROGRESS_CALLBACK_WRITE test_id=d669d971-33a4-4597-92c8-f5f90d104707 msg='' type=timing stream_logs_count=410
2026-06-02 21:56:25,219 | INFO | phase1 | None | PROGRESS_CALLBACK_WRITE test_id=d669d971-33a4-4597-92c8-f5f90d104707 msg='' type=timing stream_logs_count=411
2026-06-02 21:56:25,524 | INFO | phase1 | None | PROGRESS_CALLBACK_WRITE test_id=d669d971-33a4-4597-92c8-f5f90d104707 msg='' type=timing stream_logs_count=412
2026-06-02 21:56:25,739 | INFO | phase1 | None | PROGRESS_CALLBACK_WRITE test_id=d669d971-33a4-4597-92c8-f5f90d104707 msg='' type=timing stream_logs_count=413
2026-06-02 21:56:25,941 | INFO | phase1 | None | PROGRESS_CALLBACK_WRITE test_id=d669d971-33a4-4597-92c8-f5f90d104707 msg='' type=timing stream_logs_count=414
2026-06-02 21:56:26,459 | INFO | phase1 | None | PROGRESS_CALLBACK_WRITE test_id=d669d971-33a4-4597-92c8-f5f90d104707 msg='Step finished: input' type=timeline_step stream_logs_count=415
2026-06-02 21:56:26,671 | INFO | phase1 | None | PROGRESS_CALLBACK_WRITE test_id=d669d971-33a4-4597-92c8-f5f90d104707 msg='' type=timing stream_logs_count=416
2026-06-02 21:56:27,098 | INFO | phase1 | None | PROGRESS_CALLBACK_WRITE test_id=d669d971-33a4-4597-92c8-f5f90d104707 msg='' type=timing stream_logs_count=417
2026-06-02 21:56:27,541 | INFO | phase1 | None | PROGRESS_CALLBACK_WRITE test_id=d669d971-33a4-4597-92c8-f5f90d104707 msg='' type=selector_diagnostics stream_logs_count=418
2026-06-02 21:56:27,756 | INFO | phase1 | None | PROGRESS_CALLBACK_WRITE test_id=d669d971-33a4-4597-92c8-f5f90d104707 msg='' type=timing stream_logs_count=419
2026-06-02 21:56:28,082 | INFO | phase1 | None | PROGRESS_CALLBACK_WRITE test_id=d669d971-33a4-4597-92c8-f5f90d104707 msg='' type=timing stream_logs_count=420
2026-06-02 21:56:28,402 | INFO | phase1 | None | PROGRESS_CALLBACK_WRITE test_id=d669d971-33a4-4597-92c8-f5f90d104707 msg='Executing click on login button' type=action_execution stream_logs_count=421
2026-06-02 21:56:28,708 | INFO | phase1 | None | PROGRESS_CALLBACK_WRITE test_id=d669d971-33a4-4597-92c8-f5f90d104707 msg='Clicking login button' type=action_execution stream_logs_count=422
2026-06-02 21:56:28,936 | INFO | phase1 | None | PROGRESS_CALLBACK_WRITE test_id=d669d971-33a4-4597-92c8-f5f90d104707 msg='' type=timing stream_logs_count=423
2026-06-02 21:56:29,148 | INFO | phase1 | None | PROGRESS_CALLBACK_WRITE test_id=d669d971-33a4-4597-92c8-f5f90d104707 msg='' type=timing stream_logs_count=424
2026-06-02 21:56:29,360 | INFO | phase1 | None | PROGRESS_CALLBACK_WRITE test_id=d669d971-33a4-4597-92c8-f5f90d104707 msg='' type=timing stream_logs_count=425
2026-06-02 21:56:31,675 | INFO | phase1 | None | PROGRESS_CALLBACK_WRITE test_id=d669d971-33a4-4597-92c8-f5f90d104707 msg='' type=timing stream_logs_count=426
2026-06-02 21:56:32,295 | INFO | phase1 | None | PROGRESS_CALLBACK_WRITE test_id=d669d971-33a4-4597-92c8-f5f90d104707 msg='' type=timing stream_logs_count=427
2026-06-02 21:56:33,263 | INFO | phase1 | None | PROGRESS_CALLBACK_WRITE test_id=d669d971-33a4-4597-92c8-f5f90d104707 msg='' type=timing stream_logs_count=428
2026-06-02 21:56:34,018 | INFO | phase1 | None | PROGRESS_CALLBACK_WRITE test_id=d669d971-33a4-4597-92c8-f5f90d104707 msg='' type=timing stream_logs_count=429
2026-06-02 21:56:35,056 | INFO | phase1 | None | PROGRESS_CALLBACK_WRITE test_id=d669d971-33a4-4597-92c8-f5f90d104707 msg='' type=timing stream_logs_count=430
2026-06-02 21:56:35,839 | INFO | phase1 | None | PROGRESS_CALLBACK_WRITE test_id=d669d971-33a4-4597-92c8-f5f90d104707 msg='' type=timing stream_logs_count=431
2026-06-02 21:56:36,213 | INFO | phase1 | None | PROGRESS_CALLBACK_WRITE test_id=d669d971-33a4-4597-92c8-f5f90d104707 msg='' type=timing stream_logs_count=432
2026-06-02 21:56:36,378 | INFO | phase1 | None | PROGRESS_CALLBACK_WRITE test_id=d669d971-33a4-4597-92c8-f5f90d104707 msg='' type=timing stream_logs_count=433
2026-06-02 21:56:36,932 | INFO | phase1 | None | PROGRESS_CALLBACK_WRITE test_id=d669d971-33a4-4597-92c8-f5f90d104707 msg='' type=screenshot stream_logs_count=434
2026-06-02 21:56:37,330 | INFO | phase1 | None | PROGRESS_CALLBACK_WRITE test_id=d669d971-33a4-4597-92c8-f5f90d104707 msg='' type=timing stream_logs_count=435
2026-06-02 21:56:37,718 | INFO | phase1 | None | PROGRESS_CALLBACK_WRITE test_id=d669d971-33a4-4597-92c8-f5f90d104707 msg='Retrying click via selector locator: #login-button' type=recovery_attempt stream_logs_count=436
2026-06-02 21:56:38,104 | INFO | phase1 | None | PROGRESS_CALLBACK_WRITE test_id=d669d971-33a4-4597-92c8-f5f90d104707 msg='' type=timing stream_logs_count=437
2026-06-02 21:56:43,352 | INFO | phase1 | None | PROGRESS_CALLBACK_WRITE test_id=d669d971-33a4-4597-92c8-f5f90d104707 msg='' type=timing stream_logs_count=438
2026-06-02 21:56:43,488 | INFO | phase1 | None | PROGRESS_CALLBACK_WRITE test_id=d669d971-33a4-4597-92c8-f5f90d104707 msg='Retrying click via selector locator: login button' type=recovery_attempt stream_logs_count=439
2026-06-02 21:56:43,632 | INFO | phase1 | None | PROGRESS_CALLBACK_WRITE test_id=d669d971-33a4-4597-92c8-f5f90d104707 msg='' type=timing stream_logs_count=440
2026-06-02 21:56:48,780 | INFO | phase1 | None | PROGRESS_CALLBACK_WRITE test_id=d669d971-33a4-4597-92c8-f5f90d104707 msg='' type=timing stream_logs_count=441
2026-06-02 21:56:48,938 | INFO | phase1 | None | PROGRESS_CALLBACK_WRITE test_id=d669d971-33a4-4597-92c8-f5f90d104707 msg='Step finished: click' type=timeline_step stream_logs_count=442
2026-06-02 21:56:49,056 | INFO | phase1 | None | PROGRESS_CALLBACK_WRITE test_id=d669d971-33a4-4597-92c8-f5f90d104707 msg='' type=timing stream_logs_count=443
2026-06-02 21:56:49,532 | INFO | phase1 | None | PROGRESS_CALLBACK_WRITE test_id=d669d971-33a4-4597-92c8-f5f90d104707 msg='' type=timing stream_logs_count=444
2026-06-02 21:56:49,914 | INFO | phase1 | None | PROGRESS_CALLBACK_WRITE test_id=d669d971-33a4-4597-92c8-f5f90d104707 msg='' type=selector_diagnostics stream_logs_count=445
2026-06-02 21:56:50,350 | INFO | phase1 | None | PROGRESS_CALLBACK_WRITE test_id=d669d971-33a4-4597-92c8-f5f90d104707 msg='' type=timing stream_logs_count=446
2026-06-02 21:56:50,493 | INFO | phase1 | None | PROGRESS_CALLBACK_WRITE test_id=d669d971-33a4-4597-92c8-f5f90d104707 msg='' type=timing stream_logs_count=447
2026-06-02 21:56:50,608 | INFO | phase1 | None | PROGRESS_CALLBACK_WRITE test_id=d669d971-33a4-4597-92c8-f5f90d104707 msg='Executing verify on inventory page' type=action_execution stream_logs_count=448
2026-06-02 21:56:50,945 | INFO | phase1 | None | PROGRESS_CALLBACK_WRITE test_id=d669d971-33a4-4597-92c8-f5f90d104707 msg='' type=screenshot stream_logs_count=449
2026-06-02 21:56:51,119 | INFO | phase1 | None | PROGRESS_CALLBACK_WRITE test_id=d669d971-33a4-4597-92c8-f5f90d104707 msg='Retrying verify via selector locator: .inventory_list' type=recovery_attempt stream_logs_count=450
2026-06-02 21:56:51,238 | INFO | phase1 | None | PROGRESS_CALLBACK_WRITE test_id=d669d971-33a4-4597-92c8-f5f90d104707 msg='' type=timing stream_logs_count=451
2026-06-02 21:56:51,512 | INFO | phase1 | None | PROGRESS_CALLBACK_WRITE test_id=d669d971-33a4-4597-92c8-f5f90d104707 msg='' type=timing stream_logs_count=452
2026-06-02 21:56:51,792 | INFO | phase1 | None | PROGRESS_CALLBACK_WRITE test_id=d669d971-33a4-4597-92c8-f5f90d104707 msg='Step failed: verify' type=bug_detected stream_logs_count=453
2026-06-02 21:56:51,992 | INFO | services.execution | None | Closed shared browser session after execution-complete
2026-06-02 21:56:52,136 | INFO | phase1 | None | PROGRESS_CALLBACK_WRITE test_id=d669d971-33a4-4597-92c8-f5f90d104707 msg='Execution finished' type=run_status stream_logs_count=454
2026-06-02 21:56:52,400 | INFO | phase1 | None | PROGRESS_CALLBACK_WRITE test_id=d669d971-33a4-4597-92c8-f5f90d104707 msg='Original Action: input -> Normalized Action: input' type=action_translation stream_logs_count=455
2026-06-02 21:56:52,549 | INFO | phase1 | None | PROGRESS_CALLBACK_WRITE test_id=d669d971-33a4-4597-92c8-f5f90d104707 msg='Original Action: input -> Normalized Action: input' type=action_translation stream_logs_count=456
2026-06-02 21:56:52,672 | INFO | phase1 | None | PROGRESS_CALLBACK_WRITE test_id=d669d971-33a4-4597-92c8-f5f90d104707 msg='Original Action: click -> Normalized Action: click' type=action_translation stream_logs_count=457
2026-06-02 21:56:52,801 | INFO | phase1 | None | PROGRESS_CALLBACK_WRITE test_id=d669d971-33a4-4597-92c8-f5f90d104707 msg='Original Action: verify -> Normalized Action: verify' type=action_translation stream_logs_count=458
2026-06-02 21:56:52,934 | INFO | phase1 | None | PROGRESS_CALLBACK_WRITE test_id=d669d971-33a4-4597-92c8-f5f90d104707 msg='Executing scenario: User Management - Valid Input' type=run_status stream_logs_count=459
2026-06-02 21:56:53,048 | INFO | phase1 | None | PROGRESS_CALLBACK_WRITE test_id=d669d971-33a4-4597-92c8-f5f90d104707 msg='Starting scenario timer: User Management - Valid Input' type=run_status stream_logs_count=460
2026-06-02 21:56:53,239 | INFO | phase1 | None | PROGRESS_CALLBACK_WRITE test_id=d669d971-33a4-4597-92c8-f5f90d104707 msg='Using shared BrowserSessionManager' type=run_status stream_logs_count=461
2026-06-02 21:56:54,068 | INFO | phase1 | None | PROGRESS_CALLBACK_WRITE test_id=d669d971-33a4-4597-92c8-f5f90d104707 msg='Opening https://www.saucedemo.com/' type=run_status stream_logs_count=462
2026-06-02 21:56:54,670 | INFO | phase1 | None | PROGRESS_CALLBACK_WRITE test_id=d669d971-33a4-4597-92c8-f5f90d104707 msg='' type=timing stream_logs_count=463
2026-06-02 21:56:55,449 | INFO | phase1 | None | PROGRESS_CALLBACK_WRITE test_id=d669d971-33a4-4597-92c8-f5f90d104707 msg='' type=timing stream_logs_count=464
2026-06-02 21:56:55,570 | INFO | phase1 | None | PROGRESS_CALLBACK_WRITE test_id=d669d971-33a4-4597-92c8-f5f90d104707 msg='Opened https://www.saucedemo.com/' type=run_status stream_logs_count=465
2026-06-02 21:56:55,711 | INFO | phase1 | None | PROGRESS_CALLBACK_WRITE test_id=d669d971-33a4-4597-92c8-f5f90d104707 msg='' type=timing stream_logs_count=466
2026-06-02 21:56:56,210 | INFO | phase1 | None | PROGRESS_CALLBACK_WRITE test_id=d669d971-33a4-4597-92c8-f5f90d104707 msg='' type=timing stream_logs_count=467
2026-06-02 21:56:56,602 | INFO | phase1 | None | PROGRESS_CALLBACK_WRITE test_id=d669d971-33a4-4597-92c8-f5f90d104707 msg='' type=selector_diagnostics stream_logs_count=468
2026-06-02 21:56:56,984 | INFO | phase1 | None | PROGRESS_CALLBACK_WRITE test_id=d669d971-33a4-4597-92c8-f5f90d104707 msg='' type=timing stream_logs_count=469
2026-06-02 21:56:57,402 | INFO | phase1 | None | PROGRESS_CALLBACK_WRITE test_id=d669d971-33a4-4597-92c8-f5f90d104707 msg='' type=timing stream_logs_count=470
2026-06-02 21:56:57,764 | INFO | phase1 | None | PROGRESS_CALLBACK_WRITE test_id=d669d971-33a4-4597-92c8-f5f90d104707 msg='Executing input on username input' type=action_execution stream_logs_count=471
2026-06-02 21:56:58,120 | INFO | phase1 | None | PROGRESS_CALLBACK_WRITE test_id=d669d971-33a4-4597-92c8-f5f90d104707 msg='Found username input' type=action_execution stream_logs_count=472
2026-06-02 21:56:58,494 | INFO | phase1 | None | PROGRESS_CALLBACK_WRITE test_id=d669d971-33a4-4597-92c8-f5f90d104707 msg='Typing value into username input' type=action_execution stream_logs_count=473
2026-06-02 21:56:58,875 | INFO | phase1 | None | PROGRESS_CALLBACK_WRITE test_id=d669d971-33a4-4597-92c8-f5f90d104707 msg='' type=timing stream_logs_count=474
2026-06-02 21:56:59,242 | INFO | phase1 | None | PROGRESS_CALLBACK_WRITE test_id=d669d971-33a4-4597-92c8-f5f90d104707 msg='' type=timing stream_logs_count=475
2026-06-02 21:56:59,438 | INFO | phase1 | None | PROGRESS_CALLBACK_WRITE test_id=d669d971-33a4-4597-92c8-f5f90d104707 msg='' type=timing stream_logs_count=476
2026-06-02 21:56:59,682 | INFO | phase1 | None | PROGRESS_CALLBACK_WRITE test_id=d669d971-33a4-4597-92c8-f5f90d104707 msg='' type=timing stream_logs_count=477
2026-06-02 21:56:59,828 | INFO | phase1 | None | PROGRESS_CALLBACK_WRITE test_id=d669d971-33a4-4597-92c8-f5f90d104707 msg='' type=timing stream_logs_count=478
2026-06-02 21:56:59,997 | INFO | phase1 | None | PROGRESS_CALLBACK_WRITE test_id=d669d971-33a4-4597-92c8-f5f90d104707 msg='' type=timing stream_logs_count=479
2026-06-02 21:57:00,202 | INFO | phase1 | None | PROGRESS_CALLBACK_WRITE test_id=d669d971-33a4-4597-92c8-f5f90d104707 msg='' type=timing stream_logs_count=480
2026-06-02 21:57:00,348 | INFO | phase1 | None | PROGRESS_CALLBACK_WRITE test_id=d669d971-33a4-4597-92c8-f5f90d104707 msg='' type=timing stream_logs_count=481
2026-06-02 21:57:00,489 | INFO | phase1 | None | PROGRESS_CALLBACK_WRITE test_id=d669d971-33a4-4597-92c8-f5f90d104707 msg='' type=timing stream_logs_count=482
2026-06-02 21:57:00,756 | INFO | phase1 | None | PROGRESS_CALLBACK_WRITE test_id=d669d971-33a4-4597-92c8-f5f90d104707 msg='' type=timing stream_logs_count=483
2026-06-02 21:57:00,881 | INFO | phase1 | None | PROGRESS_CALLBACK_WRITE test_id=d669d971-33a4-4597-92c8-f5f90d104707 msg='' type=timing stream_logs_count=484
2026-06-02 21:57:01,158 | INFO | phase1 | None | PROGRESS_CALLBACK_WRITE test_id=d669d971-33a4-4597-92c8-f5f90d104707 msg='' type=screenshot stream_logs_count=485
2026-06-02 21:57:01,296 | INFO | phase1 | None | PROGRESS_CALLBACK_WRITE test_id=d669d971-33a4-4597-92c8-f5f90d104707 msg='' type=timing stream_logs_count=486
2026-06-02 21:57:02,092 | INFO | phase1 | None | PROGRESS_CALLBACK_WRITE test_id=d669d971-33a4-4597-92c8-f5f90d104707 msg='Step finished: input' type=timeline_step stream_logs_count=487
2026-06-02 21:57:02,418 | INFO | phase1 | None | PROGRESS_CALLBACK_WRITE test_id=d669d971-33a4-4597-92c8-f5f90d104707 msg='' type=timing stream_logs_count=488
2026-06-02 21:57:02,683 | INFO | phase1 | None | PROGRESS_CALLBACK_WRITE test_id=d669d971-33a4-4597-92c8-f5f90d104707 msg='' type=timing stream_logs_count=489
2026-06-02 21:57:02,838 | INFO | phase1 | None | PROGRESS_CALLBACK_WRITE test_id=d669d971-33a4-4597-92c8-f5f90d104707 msg='' type=selector_diagnostics stream_logs_count=490
2026-06-02 21:57:02,951 | INFO | phase1 | None | PROGRESS_CALLBACK_WRITE test_id=d669d971-33a4-4597-92c8-f5f90d104707 msg='' type=timing stream_logs_count=491
2026-06-02 21:57:03,091 | INFO | phase1 | None | PROGRESS_CALLBACK_WRITE test_id=d669d971-33a4-4597-92c8-f5f90d104707 msg='' type=timing stream_logs_count=492
2026-06-02 21:57:03,206 | INFO | phase1 | None | PROGRESS_CALLBACK_WRITE test_id=d669d971-33a4-4597-92c8-f5f90d104707 msg='Executing input on password input' type=action_execution stream_logs_count=493
2026-06-02 21:57:03,351 | INFO | phase1 | None | PROGRESS_CALLBACK_WRITE test_id=d669d971-33a4-4597-92c8-f5f90d104707 msg='Found password input' type=action_execution stream_logs_count=494
2026-06-02 21:57:03,465 | INFO | phase1 | None | PROGRESS_CALLBACK_WRITE test_id=d669d971-33a4-4597-92c8-f5f90d104707 msg='Typing value into password input' type=action_execution stream_logs_count=495
2026-06-02 21:57:03,580 | INFO | phase1 | None | PROGRESS_CALLBACK_WRITE test_id=d669d971-33a4-4597-92c8-f5f90d104707 msg='' type=timing stream_logs_count=496
2026-06-02 21:57:03,738 | INFO | phase1 | None | PROGRESS_CALLBACK_WRITE test_id=d669d971-33a4-4597-92c8-f5f90d104707 msg='' type=timing stream_logs_count=497
2026-06-02 21:57:03,855 | INFO | phase1 | None | PROGRESS_CALLBACK_WRITE test_id=d669d971-33a4-4597-92c8-f5f90d104707 msg='' type=timing stream_logs_count=498
2026-06-02 21:57:04,063 | INFO | phase1 | None | PROGRESS_CALLBACK_WRITE test_id=d669d971-33a4-4597-92c8-f5f90d104707 msg='' type=timing stream_logs_count=499
2026-06-02 21:57:04,189 | INFO | phase1 | None | PROGRESS_CALLBACK_WRITE test_id=d669d971-33a4-4597-92c8-f5f90d104707 msg='' type=timing stream_logs_count=500
2026-06-02 21:57:04,352 | INFO | phase1 | None | PROGRESS_CALLBACK_WRITE test_id=d669d971-33a4-4597-92c8-f5f90d104707 msg='' type=timing stream_logs_count=501
2026-06-02 21:57:04,565 | INFO | phase1 | None | PROGRESS_CALLBACK_WRITE test_id=d669d971-33a4-4597-92c8-f5f90d104707 msg='' type=timing stream_logs_count=502
2026-06-02 21:57:04,711 | INFO | phase1 | None | PROGRESS_CALLBACK_WRITE test_id=d669d971-33a4-4597-92c8-f5f90d104707 msg='' type=timing stream_logs_count=503
2026-06-02 21:57:04,864 | INFO | phase1 | None | PROGRESS_CALLBACK_WRITE test_id=d669d971-33a4-4597-92c8-f5f90d104707 msg='' type=timing stream_logs_count=504
2026-06-02 21:57:05,201 | INFO | phase1 | None | PROGRESS_CALLBACK_WRITE test_id=d669d971-33a4-4597-92c8-f5f90d104707 msg='' type=timing stream_logs_count=505
2026-06-02 21:57:05,313 | INFO | phase1 | None | PROGRESS_CALLBACK_WRITE test_id=d669d971-33a4-4597-92c8-f5f90d104707 msg='' type=timing stream_logs_count=506
2026-06-02 21:57:05,595 | INFO | phase1 | None | PROGRESS_CALLBACK_WRITE test_id=d669d971-33a4-4597-92c8-f5f90d104707 msg='' type=screenshot stream_logs_count=507
2026-06-02 21:57:05,710 | INFO | phase1 | None | PROGRESS_CALLBACK_WRITE test_id=d669d971-33a4-4597-92c8-f5f90d104707 msg='' type=timing stream_logs_count=508
2026-06-02 21:57:06,169 | INFO | phase1 | None | PROGRESS_CALLBACK_WRITE test_id=d669d971-33a4-4597-92c8-f5f90d104707 msg='Step finished: input' type=timeline_step stream_logs_count=509
2026-06-02 21:57:06,309 | INFO | phase1 | None | PROGRESS_CALLBACK_WRITE test_id=d669d971-33a4-4597-92c8-f5f90d104707 msg='' type=timing stream_logs_count=510
2026-06-02 21:57:06,528 | INFO | phase1 | None | PROGRESS_CALLBACK_WRITE test_id=d669d971-33a4-4597-92c8-f5f90d104707 msg='' type=timing stream_logs_count=511
2026-06-02 21:57:06,703 | INFO | phase1 | None | PROGRESS_CALLBACK_WRITE test_id=d669d971-33a4-4597-92c8-f5f90d104707 msg='' type=selector_diagnostics stream_logs_count=512
2026-06-02 21:57:06,841 | INFO | phase1 | None | PROGRESS_CALLBACK_WRITE test_id=d669d971-33a4-4597-92c8-f5f90d104707 msg='' type=timing stream_logs_count=513
2026-06-02 21:57:06,990 | INFO | phase1 | None | PROGRESS_CALLBACK_WRITE test_id=d669d971-33a4-4597-92c8-f5f90d104707 msg='' type=timing stream_logs_count=514
2026-06-02 21:57:07,134 | INFO | phase1 | None | PROGRESS_CALLBACK_WRITE test_id=d669d971-33a4-4597-92c8-f5f90d104707 msg='Executing click on login button' type=action_execution stream_logs_count=515
2026-06-02 21:57:07,267 | INFO | phase1 | None | PROGRESS_CALLBACK_WRITE test_id=d669d971-33a4-4597-92c8-f5f90d104707 msg='Clicking login button' type=action_execution stream_logs_count=516
2026-06-02 21:57:07,681 | INFO | phase1 | None | PROGRESS_CALLBACK_WRITE test_id=d669d971-33a4-4597-92c8-f5f90d104707 msg='' type=timing stream_logs_count=517
2026-06-02 21:57:08,035 | INFO | phase1 | None | PROGRESS_CALLBACK_WRITE test_id=d669d971-33a4-4597-92c8-f5f90d104707 msg='' type=timing stream_logs_count=518
2026-06-02 21:57:08,431 | INFO | phase1 | None | PROGRESS_CALLBACK_WRITE test_id=d669d971-33a4-4597-92c8-f5f90d104707 msg='' type=timing stream_logs_count=519
2026-06-02 21:57:08,624 | INFO | phase1 | None | PROGRESS_CALLBACK_WRITE test_id=d669d971-33a4-4597-92c8-f5f90d104707 msg='' type=timing stream_logs_count=520
2026-06-02 21:57:08,754 | INFO | phase1 | None | PROGRESS_CALLBACK_WRITE test_id=d669d971-33a4-4597-92c8-f5f90d104707 msg='' type=timing stream_logs_count=521
2026-06-02 21:57:08,891 | INFO | phase1 | None | PROGRESS_CALLBACK_WRITE test_id=d669d971-33a4-4597-92c8-f5f90d104707 msg='' type=timing stream_logs_count=522
2026-06-02 21:57:09,020 | INFO | phase1 | None | PROGRESS_CALLBACK_WRITE test_id=d669d971-33a4-4597-92c8-f5f90d104707 msg='' type=timing stream_logs_count=523
2026-06-02 21:57:09,373 | INFO | phase1 | None | PROGRESS_CALLBACK_WRITE test_id=d669d971-33a4-4597-92c8-f5f90d104707 msg='' type=timing stream_logs_count=524
2026-06-02 21:57:09,496 | INFO | phase1 | None | PROGRESS_CALLBACK_WRITE test_id=d669d971-33a4-4597-92c8-f5f90d104707 msg='' type=timing stream_logs_count=525
2026-06-02 21:57:09,768 | INFO | phase1 | None | PROGRESS_CALLBACK_WRITE test_id=d669d971-33a4-4597-92c8-f5f90d104707 msg='' type=timing stream_logs_count=526
2026-06-02 21:57:09,884 | INFO | phase1 | None | PROGRESS_CALLBACK_WRITE test_id=d669d971-33a4-4597-92c8-f5f90d104707 msg='' type=timing stream_logs_count=527
2026-06-02 21:57:10,251 | INFO | phase1 | None | PROGRESS_CALLBACK_WRITE test_id=d669d971-33a4-4597-92c8-f5f90d104707 msg='' type=screenshot stream_logs_count=528
2026-06-02 21:57:10,661 | INFO | phase1 | None | PROGRESS_CALLBACK_WRITE test_id=d669d971-33a4-4597-92c8-f5f90d104707 msg='' type=timing stream_logs_count=529
2026-06-02 21:57:10,857 | INFO | phase1 | None | PROGRESS_CALLBACK_WRITE test_id=d669d971-33a4-4597-92c8-f5f90d104707 msg='Success state detected' type=run_status stream_logs_count=530
2026-06-02 21:57:11,390 | INFO | phase1 | None | PROGRESS_CALLBACK_WRITE test_id=d669d971-33a4-4597-92c8-f5f90d104707 msg='Step finished: click' type=timeline_step stream_logs_count=531
2026-06-02 21:57:11,602 | INFO | phase1 | None | PROGRESS_CALLBACK_WRITE test_id=d669d971-33a4-4597-92c8-f5f90d104707 msg='' type=timing stream_logs_count=532
2026-06-02 21:57:12,015 | INFO | phase1 | None | PROGRESS_CALLBACK_WRITE test_id=d669d971-33a4-4597-92c8-f5f90d104707 msg='' type=timing stream_logs_count=533
2026-06-02 21:57:12,184 | INFO | phase1 | None | PROGRESS_CALLBACK_WRITE test_id=d669d971-33a4-4597-92c8-f5f90d104707 msg='' type=selector_diagnostics stream_logs_count=534
2026-06-02 21:57:12,313 | INFO | phase1 | None | PROGRESS_CALLBACK_WRITE test_id=d669d971-33a4-4597-92c8-f5f90d104707 msg='' type=timing stream_logs_count=535
2026-06-02 21:57:12,446 | INFO | phase1 | None | PROGRESS_CALLBACK_WRITE test_id=d669d971-33a4-4597-92c8-f5f90d104707 msg='' type=timing stream_logs_count=536
2026-06-02 21:57:12,564 | INFO | phase1 | None | PROGRESS_CALLBACK_WRITE test_id=d669d971-33a4-4597-92c8-f5f90d104707 msg='Executing verify on inventory page' type=action_execution stream_logs_count=537
2026-06-02 21:57:12,874 | INFO | phase1 | None | PROGRESS_CALLBACK_WRITE test_id=d669d971-33a4-4597-92c8-f5f90d104707 msg='' type=screenshot stream_logs_count=538
2026-06-02 21:57:13,001 | INFO | phase1 | None | PROGRESS_CALLBACK_WRITE test_id=d669d971-33a4-4597-92c8-f5f90d104707 msg='Retrying verify via selector locator: .inventory_list' type=recovery_attempt stream_logs_count=539
2026-06-02 21:57:13,119 | INFO | phase1 | None | PROGRESS_CALLBACK_WRITE test_id=d669d971-33a4-4597-92c8-f5f90d104707 msg='' type=timing stream_logs_count=540
2026-06-02 21:57:13,620 | INFO | phase1 | None | PROGRESS_CALLBACK_WRITE test_id=d669d971-33a4-4597-92c8-f5f90d104707 msg='' type=timing stream_logs_count=541
2026-06-02 21:57:13,946 | INFO | phase1 | None | PROGRESS_CALLBACK_WRITE test_id=d669d971-33a4-4597-92c8-f5f90d104707 msg='Recovered step: verify' type=timeline_step stream_logs_count=542
2026-06-02 21:57:14,131 | INFO | services.execution | None | Closed shared browser session after execution-complete
2026-06-02 21:57:14,276 | INFO | phase1 | None | PROGRESS_CALLBACK_WRITE test_id=d669d971-33a4-4597-92c8-f5f90d104707 msg='Execution finished' type=run_status stream_logs_count=543
2026-06-02 21:57:15,500 | INFO | phase1 | None | PROGRESS_CALLBACK_WRITE test_id=d669d971-33a4-4597-92c8-f5f90d104707 msg='Original Action: input -> Normalized Action: input' type=action_translation stream_logs_count=550
2026-06-02 21:57:15,640 | INFO | phase1 | None | PROGRESS_CALLBACK_WRITE test_id=d669d971-33a4-4597-92c8-f5f90d104707 msg='Original Action: click -> Normalized Action: click' type=action_translation stream_logs_count=551
2026-06-02 21:57:15,773 | INFO | phase1 | None | PROGRESS_CALLBACK_WRITE test_id=d669d971-33a4-4597-92c8-f5f90d104707 msg='Original Action: verify -> Normalized Action: verify' type=action_translation stream_logs_count=552
2026-06-02 21:57:15,889 | INFO | phase1 | None | PROGRESS_CALLBACK_WRITE test_id=d669d971-33a4-4597-92c8-f5f90d104707 msg='Executing scenario: Forms - Invalid Formats' type=run_status stream_logs_count=553
2026-06-02 21:57:16,115 | INFO | phase1 | None | PROGRESS_CALLBACK_WRITE test_id=d669d971-33a4-4597-92c8-f5f90d104707 msg='Starting scenario timer: Forms - Invalid Formats' type=run_status stream_logs_count=554
2026-06-02 21:57:16,264 | INFO | phase1 | None | PROGRESS_CALLBACK_WRITE test_id=d669d971-33a4-4597-92c8-f5f90d104707 msg='Using shared BrowserSessionManager' type=run_status stream_logs_count=555
2026-06-02 21:57:16,921 | INFO | phase1 | None | PROGRESS_CALLBACK_WRITE test_id=d669d971-33a4-4597-92c8-f5f90d104707 msg='Opening https://www.saucedemo.com/' type=run_status stream_logs_count=556
2026-06-02 21:57:17,110 | INFO | phase1 | None | PROGRESS_CALLBACK_WRITE test_id=d669d971-33a4-4597-92c8-f5f90d104707 msg='' type=timing stream_logs_count=557
2026-06-02 21:57:18,069 | INFO | phase1 | None | PROGRESS_CALLBACK_WRITE test_id=d669d971-33a4-4597-92c8-f5f90d104707 msg='' type=timing stream_logs_count=558
2026-06-02 21:57:18,224 | INFO | phase1 | None | PROGRESS_CALLBACK_WRITE test_id=d669d971-33a4-4597-92c8-f5f90d104707 msg='Opened https://www.saucedemo.com/' type=run_status stream_logs_count=559
2026-06-02 21:57:18,456 | INFO | phase1 | None | PROGRESS_CALLBACK_WRITE test_id=d669d971-33a4-4597-92c8-f5f90d104707 msg='Authenticated SauceDemo session detected; redirecting to inventory page' type=run_status stream_logs_count=560
2026-06-02 21:57:18,594 | INFO | phase1 | None | PROGRESS_CALLBACK_WRITE test_id=d669d971-33a4-4597-92c8-f5f90d104707 msg='' type=timing stream_logs_count=561
2026-06-02 21:57:19,108 | INFO | phase1 | None | PROGRESS_CALLBACK_WRITE test_id=d669d971-33a4-4597-92c8-f5f90d104707 msg='' type=timing stream_logs_count=562
2026-06-02 21:57:19,235 | INFO | phase1 | None | PROGRESS_CALLBACK_WRITE test_id=d669d971-33a4-4597-92c8-f5f90d104707 msg='' type=timing stream_logs_count=563
2026-06-02 21:57:19,553 | INFO | phase1 | None | PROGRESS_CALLBACK_WRITE test_id=d669d971-33a4-4597-92c8-f5f90d104707 msg='' type=timing stream_logs_count=564
2026-06-02 21:57:19,739 | INFO | phase1 | None | PROGRESS_CALLBACK_WRITE test_id=d669d971-33a4-4597-92c8-f5f90d104707 msg='' type=selector_diagnostics stream_logs_count=565
2026-06-02 21:57:19,876 | INFO | phase1 | None | PROGRESS_CALLBACK_WRITE test_id=d669d971-33a4-4597-92c8-f5f90d104707 msg='' type=timing stream_logs_count=566
2026-06-02 21:57:20,197 | INFO | phase1 | None | PROGRESS_CALLBACK_WRITE test_id=d669d971-33a4-4597-92c8-f5f90d104707 msg='' type=timing stream_logs_count=567
2026-06-02 21:57:20,342 | INFO | phase1 | None | PROGRESS_CALLBACK_WRITE test_id=d669d971-33a4-4597-92c8-f5f90d104707 msg='Executing input on Username' type=action_execution stream_logs_count=568
2026-06-02 21:57:20,479 | INFO | phase1 | None | PROGRESS_CALLBACK_WRITE test_id=d669d971-33a4-4597-92c8-f5f90d104707 msg='Found Username' type=action_execution stream_logs_count=569
2026-06-02 21:57:20,608 | INFO | phase1 | None | PROGRESS_CALLBACK_WRITE test_id=d669d971-33a4-4597-92c8-f5f90d104707 msg='Typing value into Username' type=action_execution stream_logs_count=570
2026-06-02 21:57:20,749 | INFO | phase1 | None | PROGRESS_CALLBACK_WRITE test_id=d669d971-33a4-4597-92c8-f5f90d104707 msg='' type=timing stream_logs_count=571
2026-06-02 21:57:22,891 | INFO | phase1 | None | PROGRESS_CALLBACK_WRITE test_id=d669d971-33a4-4597-92c8-f5f90d104707 msg='' type=timing stream_logs_count=572
2026-06-02 21:57:23,221 | INFO | phase1 | None | PROGRESS_CALLBACK_WRITE test_id=d669d971-33a4-4597-92c8-f5f90d104707 msg='' type=screenshot stream_logs_count=573
2026-06-02 21:57:23,638 | INFO | phase1 | None | PROGRESS_CALLBACK_WRITE test_id=d669d971-33a4-4597-92c8-f5f90d104707 msg='Retrying input via selector locator: #user-name' type=recovery_attempt stream_logs_count=574
2026-06-02 21:57:23,776 | INFO | phase1 | None | PROGRESS_CALLBACK_WRITE test_id=d669d971-33a4-4597-92c8-f5f90d104707 msg='' type=timing stream_logs_count=575
2026-06-02 21:57:28,931 | INFO | phase1 | None | PROGRESS_CALLBACK_WRITE test_id=d669d971-33a4-4597-92c8-f5f90d104707 msg='' type=timing stream_logs_count=576
2026-06-02 21:57:29,083 | INFO | phase1 | None | PROGRESS_CALLBACK_WRITE test_id=d669d971-33a4-4597-92c8-f5f90d104707 msg='Retrying input via selector locator: Username' type=recovery_attempt stream_logs_count=577
2026-06-02 21:57:29,235 | INFO | phase1 | None | PROGRESS_CALLBACK_WRITE test_id=d669d971-33a4-4597-92c8-f5f90d104707 msg='' type=timing stream_logs_count=578
2026-06-02 21:57:34,417 | INFO | phase1 | None | PROGRESS_CALLBACK_WRITE test_id=d669d971-33a4-4597-92c8-f5f90d104707 msg='' type=timing stream_logs_count=579
2026-06-02 21:57:34,571 | INFO | phase1 | None | PROGRESS_CALLBACK_WRITE test_id=d669d971-33a4-4597-92c8-f5f90d104707 msg='Step failed: input' type=bug_detected stream_logs_count=580
2026-06-02 21:57:34,718 | INFO | phase1 | None | PROGRESS_CALLBACK_WRITE test_id=d669d971-33a4-4597-92c8-f5f90d104707 msg='' type=timing stream_logs_count=581
2026-06-02 21:57:35,080 | INFO | phase1 | None | PROGRESS_CALLBACK_WRITE test_id=d669d971-33a4-4597-92c8-f5f90d104707 msg='' type=timing stream_logs_count=582
2026-06-02 21:57:35,291 | INFO | phase1 | None | PROGRESS_CALLBACK_WRITE test_id=d669d971-33a4-4597-92c8-f5f90d104707 msg='' type=selector_diagnostics stream_logs_count=583
2026-06-02 21:57:35,434 | INFO | phase1 | None | PROGRESS_CALLBACK_WRITE test_id=d669d971-33a4-4597-92c8-f5f90d104707 msg='' type=timing stream_logs_count=584
2026-06-02 21:57:35,598 | INFO | phase1 | None | PROGRESS_CALLBACK_WRITE test_id=d669d971-33a4-4597-92c8-f5f90d104707 msg='' type=timing stream_logs_count=585
2026-06-02 21:57:35,724 | INFO | phase1 | None | PROGRESS_CALLBACK_WRITE test_id=d669d971-33a4-4597-92c8-f5f90d104707 msg='Executing click on Login' type=action_execution stream_logs_count=586
2026-06-02 21:57:35,960 | INFO | phase1 | None | PROGRESS_CALLBACK_WRITE test_id=d669d971-33a4-4597-92c8-f5f90d104707 msg='Clicking Login' type=action_execution stream_logs_count=587
2026-06-02 21:57:36,650 | INFO | phase1 | None | PROGRESS_CALLBACK_WRITE test_id=d669d971-33a4-4597-92c8-f5f90d104707 msg='' type=timing stream_logs_count=588
2026-06-02 21:57:38,776 | INFO | phase1 | None | PROGRESS_CALLBACK_WRITE test_id=d669d971-33a4-4597-92c8-f5f90d104707 msg='' type=timing stream_logs_count=589
2026-06-02 21:57:39,184 | INFO | phase1 | None | PROGRESS_CALLBACK_WRITE test_id=d669d971-33a4-4597-92c8-f5f90d104707 msg='' type=screenshot stream_logs_count=590
2026-06-02 21:57:39,304 | INFO | phase1 | None | PROGRESS_CALLBACK_WRITE test_id=d669d971-33a4-4597-92c8-f5f90d104707 msg='Retrying click via selector locator: #login-button' type=recovery_attempt stream_logs_count=591
2026-06-02 21:57:39,495 | INFO | phase1 | None | PROGRESS_CALLBACK_WRITE test_id=d669d971-33a4-4597-92c8-f5f90d104707 msg='' type=timing stream_logs_count=592
2026-06-02 21:57:44,789 | INFO | phase1 | None | PROGRESS_CALLBACK_WRITE test_id=d669d971-33a4-4597-92c8-f5f90d104707 msg='' type=timing stream_logs_count=593
2026-06-02 21:57:44,944 | INFO | phase1 | None | PROGRESS_CALLBACK_WRITE test_id=d669d971-33a4-4597-92c8-f5f90d104707 msg='Retrying click via selector locator: Login' type=recovery_attempt stream_logs_count=594
2026-06-02 21:57:45,124 | INFO | phase1 | None | PROGRESS_CALLBACK_WRITE test_id=d669d971-33a4-4597-92c8-f5f90d104707 msg='' type=timing stream_logs_count=595
2026-06-02 21:57:50,523 | INFO | phase1 | None | PROGRESS_CALLBACK_WRITE test_id=d669d971-33a4-4597-92c8-f5f90d104707 msg='' type=timing stream_logs_count=596
2026-06-02 21:57:50,655 | INFO | phase1 | None | PROGRESS_CALLBACK_WRITE test_id=d669d971-33a4-4597-92c8-f5f90d104707 msg='Step failed: click' type=bug_detected stream_logs_count=597
2026-06-02 21:57:50,773 | INFO | phase1 | None | PROGRESS_CALLBACK_WRITE test_id=d669d971-33a4-4597-92c8-f5f90d104707 msg='' type=timing stream_logs_count=598
2026-06-02 21:57:51,019 | INFO | phase1 | None | PROGRESS_CALLBACK_WRITE test_id=d669d971-33a4-4597-92c8-f5f90d104707 msg='' type=timing stream_logs_count=599
2026-06-02 21:57:51,253 | INFO | phase1 | None | PROGRESS_CALLBACK_WRITE test_id=d669d971-33a4-4597-92c8-f5f90d104707 msg='' type=selector_diagnostics stream_logs_count=600
2026-06-02 21:57:51,456 | INFO | phase1 | None | PROGRESS_CALLBACK_WRITE test_id=d669d971-33a4-4597-92c8-f5f90d104707 msg='' type=timing stream_logs_count=601
2026-06-02 21:57:51,650 | INFO | phase1 | None | PROGRESS_CALLBACK_WRITE test_id=d669d971-33a4-4597-92c8-f5f90d104707 msg='' type=timing stream_logs_count=602
2026-06-02 21:57:51,838 | INFO | phase1 | None | PROGRESS_CALLBACK_WRITE test_id=d669d971-33a4-4597-92c8-f5f90d104707 msg='Executing verify on format validation' type=action_execution stream_logs_count=603
2026-06-02 21:57:52,140 | INFO | phase1 | None | PROGRESS_CALLBACK_WRITE test_id=d669d971-33a4-4597-92c8-f5f90d104707 msg='' type=screenshot stream_logs_count=604
2026-06-02 21:57:52,269 | INFO | phase1 | None | PROGRESS_CALLBACK_WRITE test_id=d669d971-33a4-4597-92c8-f5f90d104707 msg='Retrying verify via selector locator: #add-to-cart-sauce-labs-backpack' type=recovery_attempt stream_logs_count=605
2026-06-02 21:57:52,384 | INFO | phase1 | None | PROGRESS_CALLBACK_WRITE test_id=d669d971-33a4-4597-92c8-f5f90d104707 msg='' type=timing stream_logs_count=606
2026-06-02 21:57:52,590 | INFO | phase1 | None | PROGRESS_CALLBACK_WRITE test_id=d669d971-33a4-4597-92c8-f5f90d104707 msg='' type=timing stream_logs_count=607
2026-06-02 21:57:52,831 | INFO | phase1 | None | PROGRESS_CALLBACK_WRITE test_id=d669d971-33a4-4597-92c8-f5f90d104707 msg='Step failed: verify' type=bug_detected stream_logs_count=608
2026-06-02 21:57:52,968 | INFO | services.execution | None | Closed shared browser session after execution-complete
2026-06-02 21:57:53,086 | INFO | phase1 | None | PROGRESS_CALLBACK_WRITE test_id=d669d971-33a4-4597-92c8-f5f90d104707 msg='Execution finished' type=run_status stream_logs_count=609
2026-06-02 21:57:53,362 | INFO | phase1 | None | PROGRESS_CALLBACK_WRITE test_id=d669d971-33a4-4597-92c8-f5f90d104707 msg='Original Action: input -> Normalized Action: input' type=action_translation stream_logs_count=610
2026-06-02 21:57:53,480 | INFO | phase1 | None | PROGRESS_CALLBACK_WRITE test_id=d669d971-33a4-4597-92c8-f5f90d104707 msg='Original Action: click -> Normalized Action: click' type=action_translation stream_logs_count=611
2026-06-02 21:57:53,610 | INFO | phase1 | None | PROGRESS_CALLBACK_WRITE test_id=d669d971-33a4-4597-92c8-f5f90d104707 msg='Original Action: verify -> Normalized Action: verify' type=action_translation stream_logs_count=612
2026-06-02 21:57:53,736 | INFO | phase1 | None | PROGRESS_CALLBACK_WRITE test_id=d669d971-33a4-4597-92c8-f5f90d104707 msg='Executing scenario: Forms - Partial Submission' type=run_status stream_logs_count=613
2026-06-02 21:57:53,865 | INFO | phase1 | None | PROGRESS_CALLBACK_WRITE test_id=d669d971-33a4-4597-92c8-f5f90d104707 msg='Starting scenario timer: Forms - Partial Submission' type=run_status stream_logs_count=614
2026-06-02 21:57:53,992 | INFO | phase1 | None | PROGRESS_CALLBACK_WRITE test_id=d669d971-33a4-4597-92c8-f5f90d104707 msg='Using shared BrowserSessionManager' type=run_status stream_logs_count=615
2026-06-02 21:57:54,506 | INFO | phase1 | None | PROGRESS_CALLBACK_WRITE test_id=d669d971-33a4-4597-92c8-f5f90d104707 msg='Opening https://www.saucedemo.com/' type=run_status stream_logs_count=616
2026-06-02 21:57:54,632 | INFO | phase1 | None | PROGRESS_CALLBACK_WRITE test_id=d669d971-33a4-4597-92c8-f5f90d104707 msg='' type=timing stream_logs_count=617
2026-06-02 21:57:55,180 | INFO | phase1 | None | PROGRESS_CALLBACK_WRITE test_id=d669d971-33a4-4597-92c8-f5f90d104707 msg='' type=timing stream_logs_count=618
2026-06-02 21:57:55,311 | INFO | phase1 | None | PROGRESS_CALLBACK_WRITE test_id=d669d971-33a4-4597-92c8-f5f90d104707 msg='Opened https://www.saucedemo.com/' type=run_status stream_logs_count=619
2026-06-02 21:57:55,466 | INFO | phase1 | None | PROGRESS_CALLBACK_WRITE test_id=d669d971-33a4-4597-92c8-f5f90d104707 msg='Authenticated SauceDemo session detected; redirecting to inventory page' type=run_status stream_logs_count=620
2026-06-02 21:57:55,595 | INFO | phase1 | None | PROGRESS_CALLBACK_WRITE test_id=d669d971-33a4-4597-92c8-f5f90d104707 msg='' type=timing stream_logs_count=621
2026-06-02 21:57:55,840 | INFO | phase1 | None | PROGRESS_CALLBACK_WRITE test_id=d669d971-33a4-4597-92c8-f5f90d104707 msg='' type=timing stream_logs_count=622
2026-06-02 21:57:55,961 | INFO | phase1 | None | PROGRESS_CALLBACK_WRITE test_id=d669d971-33a4-4597-92c8-f5f90d104707 msg='' type=timing stream_logs_count=623
2026-06-02 21:57:56,231 | INFO | phase1 | None | PROGRESS_CALLBACK_WRITE test_id=d669d971-33a4-4597-92c8-f5f90d104707 msg='' type=timing stream_logs_count=624
2026-06-02 21:57:56,417 | INFO | phase1 | None | PROGRESS_CALLBACK_WRITE test_id=d669d971-33a4-4597-92c8-f5f90d104707 msg='' type=selector_diagnostics stream_logs_count=625
2026-06-02 21:57:56,543 | INFO | phase1 | None | PROGRESS_CALLBACK_WRITE test_id=d669d971-33a4-4597-92c8-f5f90d104707 msg='' type=timing stream_logs_count=626
2026-06-02 21:57:56,778 | INFO | phase1 | None | PROGRESS_CALLBACK_WRITE test_id=d669d971-33a4-4597-92c8-f5f90d104707 msg='' type=timing stream_logs_count=627
2026-06-02 21:57:56,933 | INFO | phase1 | None | PROGRESS_CALLBACK_WRITE test_id=d669d971-33a4-4597-92c8-f5f90d104707 msg='Executing input on Username' type=action_execution stream_logs_count=628
2026-06-02 21:57:57,092 | INFO | phase1 | None | PROGRESS_CALLBACK_WRITE test_id=d669d971-33a4-4597-92c8-f5f90d104707 msg='Found Username' type=action_execution stream_logs_count=629
2026-06-02 21:57:57,245 | INFO | phase1 | None | PROGRESS_CALLBACK_WRITE test_id=d669d971-33a4-4597-92c8-f5f90d104707 msg='Typing value into Username' type=action_execution stream_logs_count=630
2026-06-02 21:57:57,543 | INFO | phase1 | None | PROGRESS_CALLBACK_WRITE test_id=d669d971-33a4-4597-92c8-f5f90d104707 msg='' type=timing stream_logs_count=631
2026-06-02 21:57:59,721 | INFO | phase1 | None | PROGRESS_CALLBACK_WRITE test_id=d669d971-33a4-4597-92c8-f5f90d104707 msg='' type=timing stream_logs_count=632
2026-06-02 21:58:00,041 | INFO | phase1 | None | PROGRESS_CALLBACK_WRITE test_id=d669d971-33a4-4597-92c8-f5f90d104707 msg='' type=screenshot stream_logs_count=633
2026-06-02 21:58:00,216 | INFO | phase1 | None | PROGRESS_CALLBACK_WRITE test_id=d669d971-33a4-4597-92c8-f5f90d104707 msg='Retrying input via selector locator: #user-name' type=recovery_attempt stream_logs_count=634
2026-06-02 21:58:00,365 | INFO | phase1 | None | PROGRESS_CALLBACK_WRITE test_id=d669d971-33a4-4597-92c8-f5f90d104707 msg='' type=timing stream_logs_count=635
2026-06-02 21:58:05,583 | INFO | phase1 | None | PROGRESS_CALLBACK_WRITE test_id=d669d971-33a4-4597-92c8-f5f90d104707 msg='' type=timing stream_logs_count=636
2026-06-02 21:58:05,710 | INFO | phase1 | None | PROGRESS_CALLBACK_WRITE test_id=d669d971-33a4-4597-92c8-f5f90d104707 msg='Retrying input via selector locator: Username' type=recovery_attempt stream_logs_count=637
2026-06-02 21:58:05,837 | INFO | phase1 | None | PROGRESS_CALLBACK_WRITE test_id=d669d971-33a4-4597-92c8-f5f90d104707 msg='' type=timing stream_logs_count=638
2026-06-02 21:58:10,970 | INFO | phase1 | None | PROGRESS_CALLBACK_WRITE test_id=d669d971-33a4-4597-92c8-f5f90d104707 msg='' type=timing stream_logs_count=639
2026-06-02 21:58:11,110 | INFO | phase1 | None | PROGRESS_CALLBACK_WRITE test_id=d669d971-33a4-4597-92c8-f5f90d104707 msg='Step failed: input' type=bug_detected stream_logs_count=640
2026-06-02 21:58:11,240 | INFO | phase1 | None | PROGRESS_CALLBACK_WRITE test_id=d669d971-33a4-4597-92c8-f5f90d104707 msg='' type=timing stream_logs_count=641
2026-06-02 21:58:12,116 | INFO | phase1 | None | PROGRESS_CALLBACK_WRITE test_id=d669d971-33a4-4597-92c8-f5f90d104707 msg='' type=timing stream_logs_count=642
2026-06-02 21:58:12,329 | INFO | phase1 | None | PROGRESS_CALLBACK_WRITE test_id=d669d971-33a4-4597-92c8-f5f90d104707 msg='' type=selector_diagnostics stream_logs_count=643
2026-06-02 21:58:12,481 | INFO | phase1 | None | PROGRESS_CALLBACK_WRITE test_id=d669d971-33a4-4597-92c8-f5f90d104707 msg='' type=timing stream_logs_count=644
2026-06-02 21:58:12,628 | INFO | phase1 | None | PROGRESS_CALLBACK_WRITE test_id=d669d971-33a4-4597-92c8-f5f90d104707 msg='' type=timing stream_logs_count=645
2026-06-02 21:58:12,777 | INFO | phase1 | None | PROGRESS_CALLBACK_WRITE test_id=d669d971-33a4-4597-92c8-f5f90d104707 msg='Executing click on Login' type=action_execution stream_logs_count=646
2026-06-02 21:58:12,908 | INFO | phase1 | None | PROGRESS_CALLBACK_WRITE test_id=d669d971-33a4-4597-92c8-f5f90d104707 msg='Clicking Login' type=action_execution stream_logs_count=647
2026-06-02 21:58:13,167 | INFO | phase1 | None | PROGRESS_CALLBACK_WRITE test_id=d669d971-33a4-4597-92c8-f5f90d104707 msg='' type=timing stream_logs_count=648
2026-06-02 21:58:15,307 | INFO | phase1 | None | PROGRESS_CALLBACK_WRITE test_id=d669d971-33a4-4597-92c8-f5f90d104707 msg='' type=timing stream_logs_count=649
2026-06-02 21:58:15,602 | INFO | phase1 | None | PROGRESS_CALLBACK_WRITE test_id=d669d971-33a4-4597-92c8-f5f90d104707 msg='' type=screenshot stream_logs_count=650
2026-06-02 21:58:15,864 | INFO | phase1 | None | PROGRESS_CALLBACK_WRITE test_id=d669d971-33a4-4597-92c8-f5f90d104707 msg='Retrying click via selector locator: #login-button' type=recovery_attempt stream_logs_count=651
2026-06-02 21:58:16,033 | INFO | phase1 | None | PROGRESS_CALLBACK_WRITE test_id=d669d971-33a4-4597-92c8-f5f90d104707 msg='' type=timing stream_logs_count=652
2026-06-02 21:58:21,184 | INFO | phase1 | None | PROGRESS_CALLBACK_WRITE test_id=d669d971-33a4-4597-92c8-f5f90d104707 msg='' type=timing stream_logs_count=653
2026-06-02 21:58:21,322 | INFO | phase1 | None | PROGRESS_CALLBACK_WRITE test_id=d669d971-33a4-4597-92c8-f5f90d104707 msg='Retrying click via selector locator: Login' type=recovery_attempt stream_logs_count=654
2026-06-02 21:58:21,456 | INFO | phase1 | None | PROGRESS_CALLBACK_WRITE test_id=d669d971-33a4-4597-92c8-f5f90d104707 msg='' type=timing stream_logs_count=655
2026-06-02 21:58:26,626 | INFO | phase1 | None | PROGRESS_CALLBACK_WRITE test_id=d669d971-33a4-4597-92c8-f5f90d104707 msg='' type=timing stream_logs_count=656
2026-06-02 21:58:26,791 | INFO | phase1 | None | PROGRESS_CALLBACK_WRITE test_id=d669d971-33a4-4597-92c8-f5f90d104707 msg='Step failed: click' type=bug_detected stream_logs_count=657
2026-06-02 21:58:26,929 | INFO | phase1 | None | PROGRESS_CALLBACK_WRITE test_id=d669d971-33a4-4597-92c8-f5f90d104707 msg='' type=timing stream_logs_count=658
2026-06-02 21:58:27,176 | INFO | phase1 | None | PROGRESS_CALLBACK_WRITE test_id=d669d971-33a4-4597-92c8-f5f90d104707 msg='' type=timing stream_logs_count=659
2026-06-02 21:58:27,636 | INFO | phase1 | None | PROGRESS_CALLBACK_WRITE test_id=d669d971-33a4-4597-92c8-f5f90d104707 msg='' type=selector_diagnostics stream_logs_count=660
2026-06-02 21:58:27,776 | INFO | phase1 | None | PROGRESS_CALLBACK_WRITE test_id=d669d971-33a4-4597-92c8-f5f90d104707 msg='' type=timing stream_logs_count=661
2026-06-02 21:58:27,948 | INFO | phase1 | None | PROGRESS_CALLBACK_WRITE test_id=d669d971-33a4-4597-92c8-f5f90d104707 msg='' type=timing stream_logs_count=662
2026-06-02 21:58:28,193 | INFO | phase1 | None | PROGRESS_CALLBACK_WRITE test_id=d669d971-33a4-4597-92c8-f5f90d104707 msg='Executing verify on missing field validation' type=action_execution stream_logs_count=663
2026-06-02 21:58:28,474 | INFO | phase1 | None | PROGRESS_CALLBACK_WRITE test_id=d669d971-33a4-4597-92c8-f5f90d104707 msg='' type=screenshot stream_logs_count=664
2026-06-02 21:58:28,596 | INFO | phase1 | None | PROGRESS_CALLBACK_WRITE test_id=d669d971-33a4-4597-92c8-f5f90d104707 msg='Retrying verify via selector locator: #add-to-cart-sauce-labs-backpack' type=recovery_attempt stream_logs_count=665
2026-06-02 21:58:28,726 | INFO | phase1 | None | PROGRESS_CALLBACK_WRITE test_id=d669d971-33a4-4597-92c8-f5f90d104707 msg='' type=timing stream_logs_count=666
2026-06-02 21:58:28,945 | INFO | phase1 | None | PROGRESS_CALLBACK_WRITE test_id=d669d971-33a4-4597-92c8-f5f90d104707 msg='' type=timing stream_logs_count=667
2026-06-02 21:58:29,215 | INFO | phase1 | None | PROGRESS_CALLBACK_WRITE test_id=d669d971-33a4-4597-92c8-f5f90d104707 msg='Step failed: verify' type=bug_detected stream_logs_count=668
2026-06-02 21:58:29,392 | INFO | services.execution | None | Closed shared browser session after execution-complete
2026-06-02 21:58:29,536 | INFO | phase1 | None | PROGRESS_CALLBACK_WRITE test_id=d669d971-33a4-4597-92c8-f5f90d104707 msg='Execution finished' type=run_status stream_logs_count=669
2026-06-02 21:58:29,784 | INFO | phase1 | None | PROGRESS_CALLBACK_WRITE test_id=d669d971-33a4-4597-92c8-f5f90d104707 msg='Original Action: click -> Normalized Action: click' type=action_translation stream_logs_count=670
2026-06-02 21:58:29,925 | INFO | phase1 | None | PROGRESS_CALLBACK_WRITE test_id=d669d971-33a4-4597-92c8-f5f90d104707 msg='Original Action: verify -> Normalized Action: verify' type=action_translation stream_logs_count=671
2026-06-02 21:58:30,082 | INFO | phase1 | None | PROGRESS_CALLBACK_WRITE test_id=d669d971-33a4-4597-92c8-f5f90d104707 msg='Executing scenario: Forms - Required Fields' type=run_status stream_logs_count=672
2026-06-02 21:58:30,245 | INFO | phase1 | None | PROGRESS_CALLBACK_WRITE test_id=d669d971-33a4-4597-92c8-f5f90d104707 msg='Starting scenario timer: Forms - Required Fields' type=run_status stream_logs_count=673
2026-06-02 21:58:30,396 | INFO | phase1 | None | PROGRESS_CALLBACK_WRITE test_id=d669d971-33a4-4597-92c8-f5f90d104707 msg='Using shared BrowserSessionManager' type=run_status stream_logs_count=674
2026-06-02 21:58:30,965 | INFO | phase1 | None | PROGRESS_CALLBACK_WRITE test_id=d669d971-33a4-4597-92c8-f5f90d104707 msg='Opening https://www.saucedemo.com/' type=run_status stream_logs_count=675
2026-06-02 21:58:31,111 | INFO | phase1 | None | PROGRESS_CALLBACK_WRITE test_id=d669d971-33a4-4597-92c8-f5f90d104707 msg='' type=timing stream_logs_count=676
2026-06-02 21:58:31,623 | INFO | phase1 | None | PROGRESS_CALLBACK_WRITE test_id=d669d971-33a4-4597-92c8-f5f90d104707 msg='' type=timing stream_logs_count=677
2026-06-02 21:58:31,760 | INFO | phase1 | None | PROGRESS_CALLBACK_WRITE test_id=d669d971-33a4-4597-92c8-f5f90d104707 msg='Opened https://www.saucedemo.com/' type=run_status stream_logs_count=678
2026-06-02 21:58:31,974 | INFO | phase1 | None | PROGRESS_CALLBACK_WRITE test_id=d669d971-33a4-4597-92c8-f5f90d104707 msg='Authenticated SauceDemo session detected; redirecting to inventory page' type=run_status stream_logs_count=679
2026-06-02 21:58:32,121 | INFO | phase1 | None | PROGRESS_CALLBACK_WRITE test_id=d669d971-33a4-4597-92c8-f5f90d104707 msg='' type=timing stream_logs_count=680
2026-06-02 21:58:32,435 | INFO | phase1 | None | PROGRESS_CALLBACK_WRITE test_id=d669d971-33a4-4597-92c8-f5f90d104707 msg='' type=timing stream_logs_count=681
2026-06-02 21:58:32,603 | INFO | phase1 | None | PROGRESS_CALLBACK_WRITE test_id=d669d971-33a4-4597-92c8-f5f90d104707 msg='' type=timing stream_logs_count=682
2026-06-02 21:58:32,886 | INFO | phase1 | None | PROGRESS_CALLBACK_WRITE test_id=d669d971-33a4-4597-92c8-f5f90d104707 msg='' type=timing stream_logs_count=683
2026-06-02 21:58:33,058 | INFO | phase1 | None | PROGRESS_CALLBACK_WRITE test_id=d669d971-33a4-4597-92c8-f5f90d104707 msg='' type=selector_diagnostics stream_logs_count=684
2026-06-02 21:58:33,220 | INFO | phase1 | None | PROGRESS_CALLBACK_WRITE test_id=d669d971-33a4-4597-92c8-f5f90d104707 msg='' type=timing stream_logs_count=685
2026-06-02 21:58:33,394 | INFO | phase1 | None | PROGRESS_CALLBACK_WRITE test_id=d669d971-33a4-4597-92c8-f5f90d104707 msg='' type=timing stream_logs_count=686
2026-06-02 21:58:33,540 | INFO | phase1 | None | PROGRESS_CALLBACK_WRITE test_id=d669d971-33a4-4597-92c8-f5f90d104707 msg='Executing click on Login' type=action_execution stream_logs_count=687
2026-06-02 21:58:33,700 | INFO | phase1 | None | PROGRESS_CALLBACK_WRITE test_id=d669d971-33a4-4597-92c8-f5f90d104707 msg='Clicking Login' type=action_execution stream_logs_count=688
2026-06-02 21:58:33,842 | INFO | phase1 | None | PROGRESS_CALLBACK_WRITE test_id=d669d971-33a4-4597-92c8-f5f90d104707 msg='' type=timing stream_logs_count=689
2026-06-02 21:58:36,018 | INFO | phase1 | None | PROGRESS_CALLBACK_WRITE test_id=d669d971-33a4-4597-92c8-f5f90d104707 msg='' type=timing stream_logs_count=690
2026-06-02 21:58:36,266 | INFO | phase1 | None | PROGRESS_CALLBACK_WRITE test_id=d669d971-33a4-4597-92c8-f5f90d104707 msg='' type=screenshot stream_logs_count=691
2026-06-02 21:58:36,419 | INFO | phase1 | None | PROGRESS_CALLBACK_WRITE test_id=d669d971-33a4-4597-92c8-f5f90d104707 msg='Retrying click via selector locator: #login-button' type=recovery_attempt stream_logs_count=692
2026-06-02 21:58:36,563 | INFO | phase1 | None | PROGRESS_CALLBACK_WRITE test_id=d669d971-33a4-4597-92c8-f5f90d104707 msg='' type=timing stream_logs_count=693
2026-06-02 21:58:41,702 | INFO | phase1 | None | PROGRESS_CALLBACK_WRITE test_id=d669d971-33a4-4597-92c8-f5f90d104707 msg='' type=timing stream_logs_count=694
2026-06-02 21:58:41,848 | INFO | phase1 | None | PROGRESS_CALLBACK_WRITE test_id=d669d971-33a4-4597-92c8-f5f90d104707 msg='Retrying click via selector locator: Login' type=recovery_attempt stream_logs_count=695
2026-06-02 21:58:42,010 | INFO | phase1 | None | PROGRESS_CALLBACK_WRITE test_id=d669d971-33a4-4597-92c8-f5f90d104707 msg='' type=timing stream_logs_count=696
2026-06-02 21:58:47,449 | INFO | phase1 | None | PROGRESS_CALLBACK_WRITE test_id=d669d971-33a4-4597-92c8-f5f90d104707 msg='' type=timing stream_logs_count=697
2026-06-02 21:58:47,598 | INFO | phase1 | None | PROGRESS_CALLBACK_WRITE test_id=d669d971-33a4-4597-92c8-f5f90d104707 msg='Step failed: click' type=bug_detected stream_logs_count=698
2026-06-02 21:58:47,742 | INFO | phase1 | None | PROGRESS_CALLBACK_WRITE test_id=d669d971-33a4-4597-92c8-f5f90d104707 msg='' type=timing stream_logs_count=699
2026-06-02 21:58:47,982 | INFO | phase1 | None | PROGRESS_CALLBACK_WRITE test_id=d669d971-33a4-4597-92c8-f5f90d104707 msg='' type=timing stream_logs_count=700
2026-06-02 21:58:48,196 | INFO | phase1 | None | PROGRESS_CALLBACK_WRITE test_id=d669d971-33a4-4597-92c8-f5f90d104707 msg='' type=selector_diagnostics stream_logs_count=701
2026-06-02 21:58:48,352 | INFO | phase1 | None | PROGRESS_CALLBACK_WRITE test_id=d669d971-33a4-4597-92c8-f5f90d104707 msg='' type=timing stream_logs_count=702
2026-06-02 21:58:48,532 | INFO | phase1 | None | PROGRESS_CALLBACK_WRITE test_id=d669d971-33a4-4597-92c8-f5f90d104707 msg='' type=timing stream_logs_count=703
2026-06-02 21:58:48,744 | INFO | phase1 | None | PROGRESS_CALLBACK_WRITE test_id=d669d971-33a4-4597-92c8-f5f90d104707 msg='Executing verify on required field validation' type=action_execution stream_logs_count=704
2026-06-02 21:58:49,121 | INFO | phase1 | None | PROGRESS_CALLBACK_WRITE test_id=d669d971-33a4-4597-92c8-f5f90d104707 msg='' type=screenshot stream_logs_count=705
2026-06-02 21:58:49,252 | INFO | phase1 | None | PROGRESS_CALLBACK_WRITE test_id=d669d971-33a4-4597-92c8-f5f90d104707 msg='Retrying verify via selector locator: #add-to-cart-sauce-labs-backpack' type=recovery_attempt stream_logs_count=706
2026-06-02 21:58:49,379 | INFO | phase1 | None | PROGRESS_CALLBACK_WRITE test_id=d669d971-33a4-4597-92c8-f5f90d104707 msg='' type=timing stream_logs_count=707
2026-06-02 21:58:49,661 | INFO | phase1 | None | PROGRESS_CALLBACK_WRITE test_id=d669d971-33a4-4597-92c8-f5f90d104707 msg='' type=timing stream_logs_count=708
2026-06-02 21:58:49,940 | INFO | phase1 | None | PROGRESS_CALLBACK_WRITE test_id=d669d971-33a4-4597-92c8-f5f90d104707 msg='Step failed: verify' type=bug_detected stream_logs_count=709
2026-06-02 21:58:50,116 | INFO | services.execution | None | Closed shared browser session after execution-complete
2026-06-02 21:58:50,264 | INFO | phase1 | None | PROGRESS_CALLBACK_WRITE test_id=d669d971-33a4-4597-92c8-f5f90d104707 msg='Execution finished' type=run_status stream_logs_count=710
2026-06-02 21:58:51,436 | INFO | phase1 | None | ENFORCE_TERMINAL_WRITE test_id=d669d971-33a4-4597-92c8-f5f90d104707 status=completed_with_failures failure_reason=unspecified_terminal_state matched=1 modified=1 upserted_id=None
