2026-06-02 12:54:40,341 | WARNING | services.startup_guards | - | startup_guard: MONGO_URL embeds username and password directly in the connection string. Move credentials to a secret manager or use environment variable interpolation.
2026-06-02 12:54:40,342 | WARNING | services.startup_guards | - | startup_guard: JWT_ALLOW_WEAK_SECRET=1 is set. JWT_SECRET_KEY will be auto-generated per-process; all tokens will be invalidated on restart and the server is not safe for production.
2026-06-02 12:54:40,343 | WARNING | services.startup_guards | - | startup_guard: FRONTEND_ORIGINS is not set; defaulting to http://localhost:3000
2026-06-02 13:23:18,682 | ERROR | server | - | stuck-run cleanup loop crashed; will retry next interval
Traceback (most recent call last):
  File "C:\Internship\ai-testing-platform\.venv\Lib\site-packages\pymongo\synchronous\mongo_client.py", line 2811, in run
    res = self._read() if self._is_read else self._write()
          ^^^^^^^^^^^^
  File "C:\Internship\ai-testing-platform\.venv\Lib\site-packages\pymongo\synchronous\mongo_client.py", line 3027, in _read
    self._server = self._get_server()
                   ^^^^^^^^^^^^^^^^^^
  File "C:\Internship\ai-testing-platform\.venv\Lib\site-packages\pymongo\synchronous\mongo_client.py", line 2975, in _get_server
    return self._client._select_server(
           ^^^^^^^^^^^^^^^^^^^^^^^^^^^^
  File "C:\Internship\ai-testing-platform\.venv\Lib\site-packages\pymongo\synchronous\mongo_client.py", line 1851, in _select_server
    server = topology.select_server(
             ^^^^^^^^^^^^^^^^^^^^^^^
  File "C:\Internship\ai-testing-platform\.venv\Lib\site-packages\pymongo\synchronous\topology.py", line 428, in select_server
    server = self._select_server(
             ^^^^^^^^^^^^^^^^^^^^
  File "C:\Internship\ai-testing-platform\.venv\Lib\site-packages\pymongo\synchronous\topology.py", line 402, in _select_server
    servers = self.select_servers(
              ^^^^^^^^^^^^^^^^^^^^
  File "C:\Internship\ai-testing-platform\.venv\Lib\site-packages\pymongo\synchronous\topology.py", line 298, in select_servers
    server_descriptions = self._select_servers_loop(
                          ^^^^^^^^^^^^^^^^^^^^^^^^^^
  File "C:\Internship\ai-testing-platform\.venv\Lib\site-packages\pymongo\synchronous\topology.py", line 359, in _select_servers_loop
    raise ServerSelectionTimeoutError(
pymongo.errors.ServerSelectionTimeoutError: ac-idvu2ff-shard-00-00.z9yxifc.mongodb.net:27017: [Errno 11001] getaddrinfo failed (configured timeouts: socketTimeoutMS: 20000.0ms, connectTimeoutMS: 20000.0ms),ac-idvu2ff-shard-00-01.z9yxifc.mongodb.net:27017: [Errno 11001] getaddrinfo failed (configured timeouts: socketTimeoutMS: 20000.0ms, connectTimeoutMS: 20000.0ms),ac-idvu2ff-shard-00-02.z9yxifc.mongodb.net:27017: [Errno 11001] getaddrinfo failed (configured timeouts: socketTimeoutMS: 20000.0ms, connectTimeoutMS: 20000.0ms), Timeout: 30s, Topology Description: <TopologyDescription id: 6a1e8534f0ea977cee491f96, topology_type: ReplicaSetNoPrimary, servers: [<ServerDescription ('ac-idvu2ff-shard-00-00.z9yxifc.mongodb.net', 27017) server_type: Unknown, rtt: None, error=AutoReconnect('ac-idvu2ff-shard-00-00.z9yxifc.mongodb.net:27017: [Errno 11001] getaddrinfo failed (configured timeouts: socketTimeoutMS: 20000.0ms, connectTimeoutMS: 20000.0ms)')>, <ServerDescription ('ac-idvu2ff-shard-00-01.z9yxifc.mongodb.net', 27017) server_type: Unknown, rtt: None, error=AutoReconnect('ac-idvu2ff-shard-00-01.z9yxifc.mongodb.net:27017: [Errno 11001] getaddrinfo failed (configured timeouts: socketTimeoutMS: 20000.0ms, connectTimeoutMS: 20000.0ms)')>, <ServerDescription ('ac-idvu2ff-shard-00-02.z9yxifc.mongodb.net', 27017) server_type: Unknown, rtt: None, error=AutoReconnect('ac-idvu2ff-shard-00-02.z9yxifc.mongodb.net:27017: [Errno 11001] getaddrinfo failed (configured timeouts: socketTimeoutMS: 20000.0ms, connectTimeoutMS: 20000.0ms)')>]>

During handling of the above exception, another exception occurred:

Traceback (most recent call last):
  File "C:\Internship\ai-testing-platform\backend\server.py", line 251, in _stuck_run_cleanup_loop
    stuck_records = list(stuck_cursor)
                    ^^^^^^^^^^^^^^^^^^
  File "C:\Internship\ai-testing-platform\.venv\Lib\site-packages\pymongo\synchronous\cursor.py", line 1166, in __next__
    return self.next()
           ^^^^^^^^^^^
  File "C:\Internship\ai-testing-platform\.venv\Lib\site-packages\pymongo\synchronous\cursor.py", line 1142, in next
    if len(self._data) or self._refresh():
                          ^^^^^^^^^^^^^^^
  File "C:\Internship\ai-testing-platform\.venv\Lib\site-packages\pymongo\synchronous\cursor.py", line 1090, in _refresh
    self._send_message(q)
  File "C:\Internship\ai-testing-platform\.venv\Lib\site-packages\pymongo\synchronous\cursor.py", line 985, in _send_message
    response = client._run_operation(
               ^^^^^^^^^^^^^^^^^^^^^^
  File "C:\Internship\ai-testing-platform\.venv\Lib\site-packages\pymongo\_csot.py", line 125, in csot_wrapper
    return func(self, *args, **kwargs)
           ^^^^^^^^^^^^^^^^^^^^^^^^^^^
  File "C:\Internship\ai-testing-platform\.venv\Lib\site-packages\pymongo\synchronous\mongo_client.py", line 1956, in _run_operation
    return self._retryable_read(
           ^^^^^^^^^^^^^^^^^^^^^
  File "C:\Internship\ai-testing-platform\.venv\Lib\site-packages\pymongo\synchronous\mongo_client.py", line 2076, in _retryable_read
    return self._retry_internal(
           ^^^^^^^^^^^^^^^^^^^^^
  File "C:\Internship\ai-testing-platform\.venv\Lib\site-packages\pymongo\_csot.py", line 125, in csot_wrapper
    return func(self, *args, **kwargs)
           ^^^^^^^^^^^^^^^^^^^^^^^^^^^
  File "C:\Internship\ai-testing-platform\.venv\Lib\site-packages\pymongo\synchronous\mongo_client.py", line 2038, in _retry_internal
    ).run()
      ^^^^^
  File "C:\Internship\ai-testing-platform\.venv\Lib\site-packages\pymongo\synchronous\mongo_client.py", line 2822, in run
    self._check_last_error()
  File "C:\Internship\ai-testing-platform\.venv\Lib\site-packages\pymongo\synchronous\mongo_client.py", line 2968, in _check_last_error
    raise self._last_error
  File "C:\Internship\ai-testing-platform\.venv\Lib\site-packages\pymongo\synchronous\mongo_client.py", line 2811, in run
    res = self._read() if self._is_read else self._write()
          ^^^^^^^^^^^^
  File "C:\Internship\ai-testing-platform\.venv\Lib\site-packages\pymongo\synchronous\mongo_client.py", line 3043, in _read
    return self._func(self._session, self._server, conn, read_pref)  # type: ignore
           ^^^^^^^^^^^^^^^^^^^^^^^^^^^^^^^^^^^^^^^^^^^^^^^^^^^^^^^^
  File "C:\Internship\ai-testing-platform\.venv\Lib\site-packages\pymongo\synchronous\mongo_client.py", line 1947, in _cmd
    return server.run_operation(
           ^^^^^^^^^^^^^^^^^^^^^
  File "C:\Internship\ai-testing-platform\.venv\Lib\site-packages\pymongo\synchronous\helpers.py", line 53, in inner
    return func(*args, **kwargs)
           ^^^^^^^^^^^^^^^^^^^^^
  File "C:\Internship\ai-testing-platform\.venv\Lib\site-packages\pymongo\synchronous\server.py", line 208, in run_operation
    reply = conn.receive_message(request_id)
            ^^^^^^^^^^^^^^^^^^^^^^^^^^^^^^^^
  File "C:\Internship\ai-testing-platform\.venv\Lib\site-packages\pymongo\synchronous\pool.py", line 459, in receive_message
    self._raise_connection_failure(error)
  File "C:\Internship\ai-testing-platform\.venv\Lib\site-packages\pymongo\synchronous\pool.py", line 456, in receive_message
    return receive_message(self, request_id, self.max_message_size)
           ^^^^^^^^^^^^^^^^^^^^^^^^^^^^^^^^^^^^^^^^^^^^^^^^^^^^^^^^
  File "C:\Internship\ai-testing-platform\.venv\Lib\site-packages\pymongo\network_layer.py", line 759, in receive_message
    length, _, response_to, op_code = _UNPACK_HEADER(receive_data(conn, 16, deadline))
                                                     ^^^^^^^^^^^^^^^^^^^^^^^^^^^^^^^^
  File "C:\Internship\ai-testing-platform\.venv\Lib\site-packages\pymongo\network_layer.py", line 343, in receive_data
    wait_for_read(conn, deadline)
  File "C:\Internship\ai-testing-platform\.venv\Lib\site-packages\pymongo\network_layer.py", line 318, in wait_for_read
    raise _OperationCancelled("operation cancelled")
pymongo.errors._OperationCancelled: operation cancelled
2026-06-02 13:24:49,317 | ERROR | server | - | stuck-run cleanup loop crashed; will retry next interval
Traceback (most recent call last):
  File "C:\Internship\ai-testing-platform\backend\server.py", line 251, in _stuck_run_cleanup_loop
    stuck_records = list(stuck_cursor)
                    ^^^^^^^^^^^^^^^^^^
  File "C:\Internship\ai-testing-platform\.venv\Lib\site-packages\pymongo\synchronous\cursor.py", line 1166, in __next__
    return self.next()
           ^^^^^^^^^^^
  File "C:\Internship\ai-testing-platform\.venv\Lib\site-packages\pymongo\synchronous\cursor.py", line 1142, in next
    if len(self._data) or self._refresh():
                          ^^^^^^^^^^^^^^^
  File "C:\Internship\ai-testing-platform\.venv\Lib\site-packages\pymongo\synchronous\cursor.py", line 1090, in _refresh
    self._send_message(q)
  File "C:\Internship\ai-testing-platform\.venv\Lib\site-packages\pymongo\synchronous\cursor.py", line 985, in _send_message
    response = client._run_operation(
               ^^^^^^^^^^^^^^^^^^^^^^
  File "C:\Internship\ai-testing-platform\.venv\Lib\site-packages\pymongo\_csot.py", line 125, in csot_wrapper
    return func(self, *args, **kwargs)
           ^^^^^^^^^^^^^^^^^^^^^^^^^^^
  File "C:\Internship\ai-testing-platform\.venv\Lib\site-packages\pymongo\synchronous\mongo_client.py", line 1956, in _run_operation
    return self._retryable_read(
           ^^^^^^^^^^^^^^^^^^^^^
  File "C:\Internship\ai-testing-platform\.venv\Lib\site-packages\pymongo\synchronous\mongo_client.py", line 2076, in _retryable_read
    return self._retry_internal(
           ^^^^^^^^^^^^^^^^^^^^^
  File "C:\Internship\ai-testing-platform\.venv\Lib\site-packages\pymongo\_csot.py", line 125, in csot_wrapper
    return func(self, *args, **kwargs)
           ^^^^^^^^^^^^^^^^^^^^^^^^^^^
  File "C:\Internship\ai-testing-platform\.venv\Lib\site-packages\pymongo\synchronous\mongo_client.py", line 2038, in _retry_internal
    ).run()
      ^^^^^
  File "C:\Internship\ai-testing-platform\.venv\Lib\site-packages\pymongo\synchronous\mongo_client.py", line 2811, in run
    res = self._read() if self._is_read else self._write()
          ^^^^^^^^^^^^
  File "C:\Internship\ai-testing-platform\.venv\Lib\site-packages\pymongo\synchronous\mongo_client.py", line 3027, in _read
    self._server = self._get_server()
                   ^^^^^^^^^^^^^^^^^^
  File "C:\Internship\ai-testing-platform\.venv\Lib\site-packages\pymongo\synchronous\mongo_client.py", line 2975, in _get_server
    return self._client._select_server(
           ^^^^^^^^^^^^^^^^^^^^^^^^^^^^
  File "C:\Internship\ai-testing-platform\.venv\Lib\site-packages\pymongo\synchronous\mongo_client.py", line 1851, in _select_server
    server = topology.select_server(
             ^^^^^^^^^^^^^^^^^^^^^^^
  File "C:\Internship\ai-testing-platform\.venv\Lib\site-packages\pymongo\synchronous\topology.py", line 428, in select_server
    server = self._select_server(
             ^^^^^^^^^^^^^^^^^^^^
  File "C:\Internship\ai-testing-platform\.venv\Lib\site-packages\pymongo\synchronous\topology.py", line 402, in _select_server
    servers = self.select_servers(
              ^^^^^^^^^^^^^^^^^^^^
  File "C:\Internship\ai-testing-platform\.venv\Lib\site-packages\pymongo\synchronous\topology.py", line 298, in select_servers
    server_descriptions = self._select_servers_loop(
                          ^^^^^^^^^^^^^^^^^^^^^^^^^^
  File "C:\Internship\ai-testing-platform\.venv\Lib\site-packages\pymongo\synchronous\topology.py", line 359, in _select_servers_loop
    raise ServerSelectionTimeoutError(
pymongo.errors.ServerSelectionTimeoutError: ac-idvu2ff-shard-00-00.z9yxifc.mongodb.net:27017: [Errno 11001] getaddrinfo failed (configured timeouts: socketTimeoutMS: 20000.0ms, connectTimeoutMS: 20000.0ms),ac-idvu2ff-shard-00-01.z9yxifc.mongodb.net:27017: [Errno 11001] getaddrinfo failed (configured timeouts: socketTimeoutMS: 20000.0ms, connectTimeoutMS: 20000.0ms),ac-idvu2ff-shard-00-02.z9yxifc.mongodb.net:27017: [Errno 11001] getaddrinfo failed (configured timeouts: socketTimeoutMS: 20000.0ms, connectTimeoutMS: 20000.0ms), Timeout: 30s, Topology Description: <TopologyDescription id: 6a1e8534f0ea977cee491f96, topology_type: ReplicaSetNoPrimary, servers: [<ServerDescription ('ac-idvu2ff-shard-00-00.z9yxifc.mongodb.net', 27017) server_type: Unknown, rtt: None, error=AutoReconnect('ac-idvu2ff-shard-00-00.z9yxifc.mongodb.net:27017: [Errno 11001] getaddrinfo failed (configured timeouts: socketTimeoutMS: 20000.0ms, connectTimeoutMS: 20000.0ms)')>, <ServerDescription ('ac-idvu2ff-shard-00-01.z9yxifc.mongodb.net', 27017) server_type: Unknown, rtt: None, error=AutoReconnect('ac-idvu2ff-shard-00-01.z9yxifc.mongodb.net:27017: [Errno 11001] getaddrinfo failed (configured timeouts: socketTimeoutMS: 20000.0ms, connectTimeoutMS: 20000.0ms)')>, <ServerDescription ('ac-idvu2ff-shard-00-02.z9yxifc.mongodb.net', 27017) server_type: Unknown, rtt: None, error=AutoReconnect('ac-idvu2ff-shard-00-02.z9yxifc.mongodb.net:27017: [Errno 11001] getaddrinfo failed (configured timeouts: socketTimeoutMS: 20000.0ms, connectTimeoutMS: 20000.0ms)')>]>
2026-06-02 13:26:19,718 | ERROR | server | - | stuck-run cleanup loop crashed; will retry next interval
Traceback (most recent call last):
  File "C:\Internship\ai-testing-platform\backend\server.py", line 251, in _stuck_run_cleanup_loop
    stuck_records = list(stuck_cursor)
                    ^^^^^^^^^^^^^^^^^^
  File "C:\Internship\ai-testing-platform\.venv\Lib\site-packages\pymongo\synchronous\cursor.py", line 1166, in __next__
    return self.next()
           ^^^^^^^^^^^
  File "C:\Internship\ai-testing-platform\.venv\Lib\site-packages\pymongo\synchronous\cursor.py", line 1142, in next
    if len(self._data) or self._refresh():
                          ^^^^^^^^^^^^^^^
  File "C:\Internship\ai-testing-platform\.venv\Lib\site-packages\pymongo\synchronous\cursor.py", line 1090, in _refresh
    self._send_message(q)
  File "C:\Internship\ai-testing-platform\.venv\Lib\site-packages\pymongo\synchronous\cursor.py", line 985, in _send_message
    response = client._run_operation(
               ^^^^^^^^^^^^^^^^^^^^^^
  File "C:\Internship\ai-testing-platform\.venv\Lib\site-packages\pymongo\_csot.py", line 125, in csot_wrapper
    return func(self, *args, **kwargs)
           ^^^^^^^^^^^^^^^^^^^^^^^^^^^
  File "C:\Internship\ai-testing-platform\.venv\Lib\site-packages\pymongo\synchronous\mongo_client.py", line 1956, in _run_operation
    return self._retryable_read(
           ^^^^^^^^^^^^^^^^^^^^^
  File "C:\Internship\ai-testing-platform\.venv\Lib\site-packages\pymongo\synchronous\mongo_client.py", line 2076, in _retryable_read
    return self._retry_internal(
           ^^^^^^^^^^^^^^^^^^^^^
  File "C:\Internship\ai-testing-platform\.venv\Lib\site-packages\pymongo\_csot.py", line 125, in csot_wrapper
    return func(self, *args, **kwargs)
           ^^^^^^^^^^^^^^^^^^^^^^^^^^^
  File "C:\Internship\ai-testing-platform\.venv\Lib\site-packages\pymongo\synchronous\mongo_client.py", line 2038, in _retry_internal
    ).run()
      ^^^^^
  File "C:\Internship\ai-testing-platform\.venv\Lib\site-packages\pymongo\synchronous\mongo_client.py", line 2811, in run
    res = self._read() if self._is_read else self._write()
          ^^^^^^^^^^^^
  File "C:\Internship\ai-testing-platform\.venv\Lib\site-packages\pymongo\synchronous\mongo_client.py", line 3027, in _read
    self._server = self._get_server()
                   ^^^^^^^^^^^^^^^^^^
  File "C:\Internship\ai-testing-platform\.venv\Lib\site-packages\pymongo\synchronous\mongo_client.py", line 2975, in _get_server
    return self._client._select_server(
           ^^^^^^^^^^^^^^^^^^^^^^^^^^^^
  File "C:\Internship\ai-testing-platform\.venv\Lib\site-packages\pymongo\synchronous\mongo_client.py", line 1851, in _select_server
    server = topology.select_server(
             ^^^^^^^^^^^^^^^^^^^^^^^
  File "C:\Internship\ai-testing-platform\.venv\Lib\site-packages\pymongo\synchronous\topology.py", line 428, in select_server
    server = self._select_server(
             ^^^^^^^^^^^^^^^^^^^^
  File "C:\Internship\ai-testing-platform\.venv\Lib\site-packages\pymongo\synchronous\topology.py", line 402, in _select_server
    servers = self.select_servers(
              ^^^^^^^^^^^^^^^^^^^^
  File "C:\Internship\ai-testing-platform\.venv\Lib\site-packages\pymongo\synchronous\topology.py", line 298, in select_servers
    server_descriptions = self._select_servers_loop(
                          ^^^^^^^^^^^^^^^^^^^^^^^^^^
  File "C:\Internship\ai-testing-platform\.venv\Lib\site-packages\pymongo\synchronous\topology.py", line 359, in _select_servers_loop
    raise ServerSelectionTimeoutError(
pymongo.errors.ServerSelectionTimeoutError: ac-idvu2ff-shard-00-00.z9yxifc.mongodb.net:27017: [Errno 11001] getaddrinfo failed (configured timeouts: socketTimeoutMS: 20000.0ms, connectTimeoutMS: 20000.0ms),ac-idvu2ff-shard-00-01.z9yxifc.mongodb.net:27017: [Errno 11001] getaddrinfo failed (configured timeouts: socketTimeoutMS: 20000.0ms, connectTimeoutMS: 20000.0ms),ac-idvu2ff-shard-00-02.z9yxifc.mongodb.net:27017: [Errno 11001] getaddrinfo failed (configured timeouts: socketTimeoutMS: 20000.0ms, connectTimeoutMS: 20000.0ms), Timeout: 30s, Topology Description: <TopologyDescription id: 6a1e8534f0ea977cee491f96, topology_type: ReplicaSetNoPrimary, servers: [<ServerDescription ('ac-idvu2ff-shard-00-00.z9yxifc.mongodb.net', 27017) server_type: Unknown, rtt: None, error=AutoReconnect('ac-idvu2ff-shard-00-00.z9yxifc.mongodb.net:27017: [Errno 11001] getaddrinfo failed (configured timeouts: socketTimeoutMS: 20000.0ms, connectTimeoutMS: 20000.0ms)')>, <ServerDescription ('ac-idvu2ff-shard-00-01.z9yxifc.mongodb.net', 27017) server_type: Unknown, rtt: None, error=AutoReconnect('ac-idvu2ff-shard-00-01.z9yxifc.mongodb.net:27017: [Errno 11001] getaddrinfo failed (configured timeouts: socketTimeoutMS: 20000.0ms, connectTimeoutMS: 20000.0ms)')>, <ServerDescription ('ac-idvu2ff-shard-00-02.z9yxifc.mongodb.net', 27017) server_type: Unknown, rtt: None, error=AutoReconnect('ac-idvu2ff-shard-00-02.z9yxifc.mongodb.net:27017: [Errno 11001] getaddrinfo failed (configured timeouts: socketTimeoutMS: 20000.0ms, connectTimeoutMS: 20000.0ms)')>]>
2026-06-02 13:27:49,964 | ERROR | server | - | stuck-run cleanup loop crashed; will retry next interval
Traceback (most recent call last):
  File "C:\Internship\ai-testing-platform\backend\server.py", line 251, in _stuck_run_cleanup_loop
    stuck_records = list(stuck_cursor)
                    ^^^^^^^^^^^^^^^^^^
  File "C:\Internship\ai-testing-platform\.venv\Lib\site-packages\pymongo\synchronous\cursor.py", line 1166, in __next__
    return self.next()
           ^^^^^^^^^^^
  File "C:\Internship\ai-testing-platform\.venv\Lib\site-packages\pymongo\synchronous\cursor.py", line 1142, in next
    if len(self._data) or self._refresh():
                          ^^^^^^^^^^^^^^^
  File "C:\Internship\ai-testing-platform\.venv\Lib\site-packages\pymongo\synchronous\cursor.py", line 1090, in _refresh
    self._send_message(q)
  File "C:\Internship\ai-testing-platform\.venv\Lib\site-packages\pymongo\synchronous\cursor.py", line 985, in _send_message
    response = client._run_operation(
               ^^^^^^^^^^^^^^^^^^^^^^
  File "C:\Internship\ai-testing-platform\.venv\Lib\site-packages\pymongo\_csot.py", line 125, in csot_wrapper
    return func(self, *args, **kwargs)
           ^^^^^^^^^^^^^^^^^^^^^^^^^^^
  File "C:\Internship\ai-testing-platform\.venv\Lib\site-packages\pymongo\synchronous\mongo_client.py", line 1956, in _run_operation
    return self._retryable_read(
           ^^^^^^^^^^^^^^^^^^^^^
  File "C:\Internship\ai-testing-platform\.venv\Lib\site-packages\pymongo\synchronous\mongo_client.py", line 2076, in _retryable_read
    return self._retry_internal(
           ^^^^^^^^^^^^^^^^^^^^^
  File "C:\Internship\ai-testing-platform\.venv\Lib\site-packages\pymongo\_csot.py", line 125, in csot_wrapper
    return func(self, *args, **kwargs)
           ^^^^^^^^^^^^^^^^^^^^^^^^^^^
  File "C:\Internship\ai-testing-platform\.venv\Lib\site-packages\pymongo\synchronous\mongo_client.py", line 2038, in _retry_internal
    ).run()
      ^^^^^
  File "C:\Internship\ai-testing-platform\.venv\Lib\site-packages\pymongo\synchronous\mongo_client.py", line 2811, in run
    res = self._read() if self._is_read else self._write()
          ^^^^^^^^^^^^
  File "C:\Internship\ai-testing-platform\.venv\Lib\site-packages\pymongo\synchronous\mongo_client.py", line 3027, in _read
    self._server = self._get_server()
                   ^^^^^^^^^^^^^^^^^^
  File "C:\Internship\ai-testing-platform\.venv\Lib\site-packages\pymongo\synchronous\mongo_client.py", line 2975, in _get_server
    return self._client._select_server(
           ^^^^^^^^^^^^^^^^^^^^^^^^^^^^
  File "C:\Internship\ai-testing-platform\.venv\Lib\site-packages\pymongo\synchronous\mongo_client.py", line 1851, in _select_server
    server = topology.select_server(
             ^^^^^^^^^^^^^^^^^^^^^^^
  File "C:\Internship\ai-testing-platform\.venv\Lib\site-packages\pymongo\synchronous\topology.py", line 428, in select_server
    server = self._select_server(
             ^^^^^^^^^^^^^^^^^^^^
  File "C:\Internship\ai-testing-platform\.venv\Lib\site-packages\pymongo\synchronous\topology.py", line 402, in _select_server
    servers = self.select_servers(
              ^^^^^^^^^^^^^^^^^^^^
  File "C:\Internship\ai-testing-platform\.venv\Lib\site-packages\pymongo\synchronous\topology.py", line 298, in select_servers
    server_descriptions = self._select_servers_loop(
                          ^^^^^^^^^^^^^^^^^^^^^^^^^^
  File "C:\Internship\ai-testing-platform\.venv\Lib\site-packages\pymongo\synchronous\topology.py", line 359, in _select_servers_loop
    raise ServerSelectionTimeoutError(
pymongo.errors.ServerSelectionTimeoutError: ac-idvu2ff-shard-00-00.z9yxifc.mongodb.net:27017: [Errno 11001] getaddrinfo failed (configured timeouts: socketTimeoutMS: 20000.0ms, connectTimeoutMS: 20000.0ms),ac-idvu2ff-shard-00-01.z9yxifc.mongodb.net:27017: [Errno 11001] getaddrinfo failed (configured timeouts: socketTimeoutMS: 20000.0ms, connectTimeoutMS: 20000.0ms),ac-idvu2ff-shard-00-02.z9yxifc.mongodb.net:27017: [Errno 11001] getaddrinfo failed (configured timeouts: socketTimeoutMS: 20000.0ms, connectTimeoutMS: 20000.0ms), Timeout: 30s, Topology Description: <TopologyDescription id: 6a1e8534f0ea977cee491f96, topology_type: ReplicaSetNoPrimary, servers: [<ServerDescription ('ac-idvu2ff-shard-00-00.z9yxifc.mongodb.net', 27017) server_type: Unknown, rtt: None, error=AutoReconnect('ac-idvu2ff-shard-00-00.z9yxifc.mongodb.net:27017: [Errno 11001] getaddrinfo failed (configured timeouts: socketTimeoutMS: 20000.0ms, connectTimeoutMS: 20000.0ms)')>, <ServerDescription ('ac-idvu2ff-shard-00-01.z9yxifc.mongodb.net', 27017) server_type: Unknown, rtt: None, error=AutoReconnect('ac-idvu2ff-shard-00-01.z9yxifc.mongodb.net:27017: [Errno 11001] getaddrinfo failed (configured timeouts: socketTimeoutMS: 20000.0ms, connectTimeoutMS: 20000.0ms)')>, <ServerDescription ('ac-idvu2ff-shard-00-02.z9yxifc.mongodb.net', 27017) server_type: Unknown, rtt: None, error=AutoReconnect('ac-idvu2ff-shard-00-02.z9yxifc.mongodb.net:27017: [Errno 11001] getaddrinfo failed (configured timeouts: socketTimeoutMS: 20000.0ms, connectTimeoutMS: 20000.0ms)')>]>
2026-06-02 13:29:20,329 | ERROR | server | - | stuck-run cleanup loop crashed; will retry next interval
Traceback (most recent call last):
  File "C:\Internship\ai-testing-platform\backend\server.py", line 251, in _stuck_run_cleanup_loop
    stuck_records = list(stuck_cursor)
                    ^^^^^^^^^^^^^^^^^^
  File "C:\Internship\ai-testing-platform\.venv\Lib\site-packages\pymongo\synchronous\cursor.py", line 1166, in __next__
    return self.next()
           ^^^^^^^^^^^
  File "C:\Internship\ai-testing-platform\.venv\Lib\site-packages\pymongo\synchronous\cursor.py", line 1142, in next
    if len(self._data) or self._refresh():
                          ^^^^^^^^^^^^^^^
  File "C:\Internship\ai-testing-platform\.venv\Lib\site-packages\pymongo\synchronous\cursor.py", line 1090, in _refresh
    self._send_message(q)
  File "C:\Internship\ai-testing-platform\.venv\Lib\site-packages\pymongo\synchronous\cursor.py", line 985, in _send_message
    response = client._run_operation(
               ^^^^^^^^^^^^^^^^^^^^^^
  File "C:\Internship\ai-testing-platform\.venv\Lib\site-packages\pymongo\_csot.py", line 125, in csot_wrapper
    return func(self, *args, **kwargs)
           ^^^^^^^^^^^^^^^^^^^^^^^^^^^
  File "C:\Internship\ai-testing-platform\.venv\Lib\site-packages\pymongo\synchronous\mongo_client.py", line 1956, in _run_operation
    return self._retryable_read(
           ^^^^^^^^^^^^^^^^^^^^^
  File "C:\Internship\ai-testing-platform\.venv\Lib\site-packages\pymongo\synchronous\mongo_client.py", line 2076, in _retryable_read
    return self._retry_internal(
           ^^^^^^^^^^^^^^^^^^^^^
  File "C:\Internship\ai-testing-platform\.venv\Lib\site-packages\pymongo\_csot.py", line 125, in csot_wrapper
    return func(self, *args, **kwargs)
           ^^^^^^^^^^^^^^^^^^^^^^^^^^^
  File "C:\Internship\ai-testing-platform\.venv\Lib\site-packages\pymongo\synchronous\mongo_client.py", line 2038, in _retry_internal
    ).run()
      ^^^^^
  File "C:\Internship\ai-testing-platform\.venv\Lib\site-packages\pymongo\synchronous\mongo_client.py", line 2811, in run
    res = self._read() if self._is_read else self._write()
          ^^^^^^^^^^^^
  File "C:\Internship\ai-testing-platform\.venv\Lib\site-packages\pymongo\synchronous\mongo_client.py", line 3027, in _read
    self._server = self._get_server()
                   ^^^^^^^^^^^^^^^^^^
  File "C:\Internship\ai-testing-platform\.venv\Lib\site-packages\pymongo\synchronous\mongo_client.py", line 2975, in _get_server
    return self._client._select_server(
           ^^^^^^^^^^^^^^^^^^^^^^^^^^^^
  File "C:\Internship\ai-testing-platform\.venv\Lib\site-packages\pymongo\synchronous\mongo_client.py", line 1851, in _select_server
    server = topology.select_server(
             ^^^^^^^^^^^^^^^^^^^^^^^
  File "C:\Internship\ai-testing-platform\.venv\Lib\site-packages\pymongo\synchronous\topology.py", line 428, in select_server
    server = self._select_server(
             ^^^^^^^^^^^^^^^^^^^^
  File "C:\Internship\ai-testing-platform\.venv\Lib\site-packages\pymongo\synchronous\topology.py", line 402, in _select_server
    servers = self.select_servers(
              ^^^^^^^^^^^^^^^^^^^^
  File "C:\Internship\ai-testing-platform\.venv\Lib\site-packages\pymongo\synchronous\topology.py", line 298, in select_servers
    server_descriptions = self._select_servers_loop(
                          ^^^^^^^^^^^^^^^^^^^^^^^^^^
  File "C:\Internship\ai-testing-platform\.venv\Lib\site-packages\pymongo\synchronous\topology.py", line 359, in _select_servers_loop
    raise ServerSelectionTimeoutError(
pymongo.errors.ServerSelectionTimeoutError: ac-idvu2ff-shard-00-00.z9yxifc.mongodb.net:27017: [Errno 11001] getaddrinfo failed (configured timeouts: socketTimeoutMS: 20000.0ms, connectTimeoutMS: 20000.0ms),ac-idvu2ff-shard-00-01.z9yxifc.mongodb.net:27017: [Errno 11001] getaddrinfo failed (configured timeouts: socketTimeoutMS: 20000.0ms, connectTimeoutMS: 20000.0ms),ac-idvu2ff-shard-00-02.z9yxifc.mongodb.net:27017: [Errno 11001] getaddrinfo failed (configured timeouts: socketTimeoutMS: 20000.0ms, connectTimeoutMS: 20000.0ms), Timeout: 30s, Topology Description: <TopologyDescription id: 6a1e8534f0ea977cee491f96, topology_type: ReplicaSetNoPrimary, servers: [<ServerDescription ('ac-idvu2ff-shard-00-00.z9yxifc.mongodb.net', 27017) server_type: Unknown, rtt: None, error=AutoReconnect('ac-idvu2ff-shard-00-00.z9yxifc.mongodb.net:27017: [Errno 11001] getaddrinfo failed (configured timeouts: socketTimeoutMS: 20000.0ms, connectTimeoutMS: 20000.0ms)')>, <ServerDescription ('ac-idvu2ff-shard-00-01.z9yxifc.mongodb.net', 27017) server_type: Unknown, rtt: None, error=AutoReconnect('ac-idvu2ff-shard-00-01.z9yxifc.mongodb.net:27017: [Errno 11001] getaddrinfo failed (configured timeouts: socketTimeoutMS: 20000.0ms, connectTimeoutMS: 20000.0ms)')>, <ServerDescription ('ac-idvu2ff-shard-00-02.z9yxifc.mongodb.net', 27017) server_type: Unknown, rtt: None, error=AutoReconnect('ac-idvu2ff-shard-00-02.z9yxifc.mongodb.net:27017: [Errno 11001] getaddrinfo failed (configured timeouts: socketTimeoutMS: 20000.0ms, connectTimeoutMS: 20000.0ms)')>]>
2026-06-02 13:30:50,537 | ERROR | server | - | stuck-run cleanup loop crashed; will retry next interval
Traceback (most recent call last):
  File "C:\Internship\ai-testing-platform\backend\server.py", line 251, in _stuck_run_cleanup_loop
    stuck_records = list(stuck_cursor)
                    ^^^^^^^^^^^^^^^^^^
  File "C:\Internship\ai-testing-platform\.venv\Lib\site-packages\pymongo\synchronous\cursor.py", line 1166, in __next__
    return self.next()
           ^^^^^^^^^^^
  File "C:\Internship\ai-testing-platform\.venv\Lib\site-packages\pymongo\synchronous\cursor.py", line 1142, in next
    if len(self._data) or self._refresh():
                          ^^^^^^^^^^^^^^^
  File "C:\Internship\ai-testing-platform\.venv\Lib\site-packages\pymongo\synchronous\cursor.py", line 1090, in _refresh
    self._send_message(q)
  File "C:\Internship\ai-testing-platform\.venv\Lib\site-packages\pymongo\synchronous\cursor.py", line 985, in _send_message
    response = client._run_operation(
               ^^^^^^^^^^^^^^^^^^^^^^
  File "C:\Internship\ai-testing-platform\.venv\Lib\site-packages\pymongo\_csot.py", line 125, in csot_wrapper
    return func(self, *args, **kwargs)
           ^^^^^^^^^^^^^^^^^^^^^^^^^^^
  File "C:\Internship\ai-testing-platform\.venv\Lib\site-packages\pymongo\synchronous\mongo_client.py", line 1956, in _run_operation
    return self._retryable_read(
           ^^^^^^^^^^^^^^^^^^^^^
  File "C:\Internship\ai-testing-platform\.venv\Lib\site-packages\pymongo\synchronous\mongo_client.py", line 2076, in _retryable_read
    return self._retry_internal(
           ^^^^^^^^^^^^^^^^^^^^^
  File "C:\Internship\ai-testing-platform\.venv\Lib\site-packages\pymongo\_csot.py", line 125, in csot_wrapper
    return func(self, *args, **kwargs)
           ^^^^^^^^^^^^^^^^^^^^^^^^^^^
  File "C:\Internship\ai-testing-platform\.venv\Lib\site-packages\pymongo\synchronous\mongo_client.py", line 2038, in _retry_internal
    ).run()
      ^^^^^
  File "C:\Internship\ai-testing-platform\.venv\Lib\site-packages\pymongo\synchronous\mongo_client.py", line 2811, in run
    res = self._read() if self._is_read else self._write()
          ^^^^^^^^^^^^
  File "C:\Internship\ai-testing-platform\.venv\Lib\site-packages\pymongo\synchronous\mongo_client.py", line 3027, in _read
    self._server = self._get_server()
                   ^^^^^^^^^^^^^^^^^^
  File "C:\Internship\ai-testing-platform\.venv\Lib\site-packages\pymongo\synchronous\mongo_client.py", line 2975, in _get_server
    return self._client._select_server(
           ^^^^^^^^^^^^^^^^^^^^^^^^^^^^
  File "C:\Internship\ai-testing-platform\.venv\Lib\site-packages\pymongo\synchronous\mongo_client.py", line 1851, in _select_server
    server = topology.select_server(
             ^^^^^^^^^^^^^^^^^^^^^^^
  File "C:\Internship\ai-testing-platform\.venv\Lib\site-packages\pymongo\synchronous\topology.py", line 428, in select_server
    server = self._select_server(
             ^^^^^^^^^^^^^^^^^^^^
  File "C:\Internship\ai-testing-platform\.venv\Lib\site-packages\pymongo\synchronous\topology.py", line 402, in _select_server
    servers = self.select_servers(
              ^^^^^^^^^^^^^^^^^^^^
  File "C:\Internship\ai-testing-platform\.venv\Lib\site-packages\pymongo\synchronous\topology.py", line 298, in select_servers
    server_descriptions = self._select_servers_loop(
                          ^^^^^^^^^^^^^^^^^^^^^^^^^^
  File "C:\Internship\ai-testing-platform\.venv\Lib\site-packages\pymongo\synchronous\topology.py", line 359, in _select_servers_loop
    raise ServerSelectionTimeoutError(
pymongo.errors.ServerSelectionTimeoutError: ac-idvu2ff-shard-00-00.z9yxifc.mongodb.net:27017: [Errno 11001] getaddrinfo failed (configured timeouts: socketTimeoutMS: 20000.0ms, connectTimeoutMS: 20000.0ms),ac-idvu2ff-shard-00-01.z9yxifc.mongodb.net:27017: [Errno 11001] getaddrinfo failed (configured timeouts: socketTimeoutMS: 20000.0ms, connectTimeoutMS: 20000.0ms),ac-idvu2ff-shard-00-02.z9yxifc.mongodb.net:27017: [Errno 11001] getaddrinfo failed (configured timeouts: socketTimeoutMS: 20000.0ms, connectTimeoutMS: 20000.0ms), Timeout: 30s, Topology Description: <TopologyDescription id: 6a1e8534f0ea977cee491f96, topology_type: ReplicaSetNoPrimary, servers: [<ServerDescription ('ac-idvu2ff-shard-00-00.z9yxifc.mongodb.net', 27017) server_type: Unknown, rtt: None, error=AutoReconnect('ac-idvu2ff-shard-00-00.z9yxifc.mongodb.net:27017: [Errno 11001] getaddrinfo failed (configured timeouts: socketTimeoutMS: 20000.0ms, connectTimeoutMS: 20000.0ms)')>, <ServerDescription ('ac-idvu2ff-shard-00-01.z9yxifc.mongodb.net', 27017) server_type: Unknown, rtt: None, error=AutoReconnect('ac-idvu2ff-shard-00-01.z9yxifc.mongodb.net:27017: [Errno 11001] getaddrinfo failed (configured timeouts: socketTimeoutMS: 20000.0ms, connectTimeoutMS: 20000.0ms)')>, <ServerDescription ('ac-idvu2ff-shard-00-02.z9yxifc.mongodb.net', 27017) server_type: Unknown, rtt: None, error=AutoReconnect('ac-idvu2ff-shard-00-02.z9yxifc.mongodb.net:27017: [Errno 11001] getaddrinfo failed (configured timeouts: socketTimeoutMS: 20000.0ms, connectTimeoutMS: 20000.0ms)')>]>
2026-06-02 13:32:20,645 | ERROR | server | - | stuck-run cleanup loop crashed; will retry next interval
Traceback (most recent call last):
  File "C:\Internship\ai-testing-platform\backend\server.py", line 251, in _stuck_run_cleanup_loop
    stuck_records = list(stuck_cursor)
                    ^^^^^^^^^^^^^^^^^^
  File "C:\Internship\ai-testing-platform\.venv\Lib\site-packages\pymongo\synchronous\cursor.py", line 1166, in __next__
    return self.next()
           ^^^^^^^^^^^
  File "C:\Internship\ai-testing-platform\.venv\Lib\site-packages\pymongo\synchronous\cursor.py", line 1142, in next
    if len(self._data) or self._refresh():
                          ^^^^^^^^^^^^^^^
  File "C:\Internship\ai-testing-platform\.venv\Lib\site-packages\pymongo\synchronous\cursor.py", line 1090, in _refresh
    self._send_message(q)
  File "C:\Internship\ai-testing-platform\.venv\Lib\site-packages\pymongo\synchronous\cursor.py", line 985, in _send_message
    response = client._run_operation(
               ^^^^^^^^^^^^^^^^^^^^^^
  File "C:\Internship\ai-testing-platform\.venv\Lib\site-packages\pymongo\_csot.py", line 125, in csot_wrapper
    return func(self, *args, **kwargs)
           ^^^^^^^^^^^^^^^^^^^^^^^^^^^
  File "C:\Internship\ai-testing-platform\.venv\Lib\site-packages\pymongo\synchronous\mongo_client.py", line 1956, in _run_operation
    return self._retryable_read(
           ^^^^^^^^^^^^^^^^^^^^^
  File "C:\Internship\ai-testing-platform\.venv\Lib\site-packages\pymongo\synchronous\mongo_client.py", line 2076, in _retryable_read
    return self._retry_internal(
           ^^^^^^^^^^^^^^^^^^^^^
  File "C:\Internship\ai-testing-platform\.venv\Lib\site-packages\pymongo\_csot.py", line 125, in csot_wrapper
    return func(self, *args, **kwargs)
           ^^^^^^^^^^^^^^^^^^^^^^^^^^^
  File "C:\Internship\ai-testing-platform\.venv\Lib\site-packages\pymongo\synchronous\mongo_client.py", line 2038, in _retry_internal
    ).run()
      ^^^^^
  File "C:\Internship\ai-testing-platform\.venv\Lib\site-packages\pymongo\synchronous\mongo_client.py", line 2811, in run
    res = self._read() if self._is_read else self._write()
          ^^^^^^^^^^^^
  File "C:\Internship\ai-testing-platform\.venv\Lib\site-packages\pymongo\synchronous\mongo_client.py", line 3027, in _read
    self._server = self._get_server()
                   ^^^^^^^^^^^^^^^^^^
  File "C:\Internship\ai-testing-platform\.venv\Lib\site-packages\pymongo\synchronous\mongo_client.py", line 2975, in _get_server
    return self._client._select_server(
           ^^^^^^^^^^^^^^^^^^^^^^^^^^^^
  File "C:\Internship\ai-testing-platform\.venv\Lib\site-packages\pymongo\synchronous\mongo_client.py", line 1851, in _select_server
    server = topology.select_server(
             ^^^^^^^^^^^^^^^^^^^^^^^
  File "C:\Internship\ai-testing-platform\.venv\Lib\site-packages\pymongo\synchronous\topology.py", line 428, in select_server
    server = self._select_server(
             ^^^^^^^^^^^^^^^^^^^^
  File "C:\Internship\ai-testing-platform\.venv\Lib\site-packages\pymongo\synchronous\topology.py", line 402, in _select_server
    servers = self.select_servers(
              ^^^^^^^^^^^^^^^^^^^^
  File "C:\Internship\ai-testing-platform\.venv\Lib\site-packages\pymongo\synchronous\topology.py", line 298, in select_servers
    server_descriptions = self._select_servers_loop(
                          ^^^^^^^^^^^^^^^^^^^^^^^^^^
  File "C:\Internship\ai-testing-platform\.venv\Lib\site-packages\pymongo\synchronous\topology.py", line 359, in _select_servers_loop
    raise ServerSelectionTimeoutError(
pymongo.errors.ServerSelectionTimeoutError: ac-idvu2ff-shard-00-00.z9yxifc.mongodb.net:27017: [Errno 11001] getaddrinfo failed (configured timeouts: socketTimeoutMS: 20000.0ms, connectTimeoutMS: 20000.0ms),ac-idvu2ff-shard-00-01.z9yxifc.mongodb.net:27017: [Errno 11001] getaddrinfo failed (configured timeouts: socketTimeoutMS: 20000.0ms, connectTimeoutMS: 20000.0ms),ac-idvu2ff-shard-00-02.z9yxifc.mongodb.net:27017: [Errno 11001] getaddrinfo failed (configured timeouts: socketTimeoutMS: 20000.0ms, connectTimeoutMS: 20000.0ms), Timeout: 30s, Topology Description: <TopologyDescription id: 6a1e8534f0ea977cee491f96, topology_type: ReplicaSetNoPrimary, servers: [<ServerDescription ('ac-idvu2ff-shard-00-00.z9yxifc.mongodb.net', 27017) server_type: Unknown, rtt: None, error=AutoReconnect('ac-idvu2ff-shard-00-00.z9yxifc.mongodb.net:27017: [Errno 11001] getaddrinfo failed (configured timeouts: socketTimeoutMS: 20000.0ms, connectTimeoutMS: 20000.0ms)')>, <ServerDescription ('ac-idvu2ff-shard-00-01.z9yxifc.mongodb.net', 27017) server_type: Unknown, rtt: None, error=AutoReconnect('ac-idvu2ff-shard-00-01.z9yxifc.mongodb.net:27017: [Errno 11001] getaddrinfo failed (configured timeouts: socketTimeoutMS: 20000.0ms, connectTimeoutMS: 20000.0ms)')>, <ServerDescription ('ac-idvu2ff-shard-00-02.z9yxifc.mongodb.net', 27017) server_type: Unknown, rtt: None, error=AutoReconnect('ac-idvu2ff-shard-00-02.z9yxifc.mongodb.net:27017: [Errno 11001] getaddrinfo failed (configured timeouts: socketTimeoutMS: 20000.0ms, connectTimeoutMS: 20000.0ms)')>]>
2026-06-02 13:33:51,157 | ERROR | server | - | stuck-run cleanup loop crashed; will retry next interval
Traceback (most recent call last):
  File "C:\Internship\ai-testing-platform\backend\server.py", line 251, in _stuck_run_cleanup_loop
    stuck_records = list(stuck_cursor)
                    ^^^^^^^^^^^^^^^^^^
  File "C:\Internship\ai-testing-platform\.venv\Lib\site-packages\pymongo\synchronous\cursor.py", line 1166, in __next__
    return self.next()
           ^^^^^^^^^^^
  File "C:\Internship\ai-testing-platform\.venv\Lib\site-packages\pymongo\synchronous\cursor.py", line 1142, in next
    if len(self._data) or self._refresh():
                          ^^^^^^^^^^^^^^^
  File "C:\Internship\ai-testing-platform\.venv\Lib\site-packages\pymongo\synchronous\cursor.py", line 1090, in _refresh
    self._send_message(q)
  File "C:\Internship\ai-testing-platform\.venv\Lib\site-packages\pymongo\synchronous\cursor.py", line 985, in _send_message
    response = client._run_operation(
               ^^^^^^^^^^^^^^^^^^^^^^
  File "C:\Internship\ai-testing-platform\.venv\Lib\site-packages\pymongo\_csot.py", line 125, in csot_wrapper
    return func(self, *args, **kwargs)
           ^^^^^^^^^^^^^^^^^^^^^^^^^^^
  File "C:\Internship\ai-testing-platform\.venv\Lib\site-packages\pymongo\synchronous\mongo_client.py", line 1956, in _run_operation
    return self._retryable_read(
           ^^^^^^^^^^^^^^^^^^^^^
  File "C:\Internship\ai-testing-platform\.venv\Lib\site-packages\pymongo\synchronous\mongo_client.py", line 2076, in _retryable_read
    return self._retry_internal(
           ^^^^^^^^^^^^^^^^^^^^^
  File "C:\Internship\ai-testing-platform\.venv\Lib\site-packages\pymongo\_csot.py", line 125, in csot_wrapper
    return func(self, *args, **kwargs)
           ^^^^^^^^^^^^^^^^^^^^^^^^^^^
  File "C:\Internship\ai-testing-platform\.venv\Lib\site-packages\pymongo\synchronous\mongo_client.py", line 2038, in _retry_internal
    ).run()
      ^^^^^
  File "C:\Internship\ai-testing-platform\.venv\Lib\site-packages\pymongo\synchronous\mongo_client.py", line 2811, in run
    res = self._read() if self._is_read else self._write()
          ^^^^^^^^^^^^
  File "C:\Internship\ai-testing-platform\.venv\Lib\site-packages\pymongo\synchronous\mongo_client.py", line 3027, in _read
    self._server = self._get_server()
                   ^^^^^^^^^^^^^^^^^^
  File "C:\Internship\ai-testing-platform\.venv\Lib\site-packages\pymongo\synchronous\mongo_client.py", line 2975, in _get_server
    return self._client._select_server(
           ^^^^^^^^^^^^^^^^^^^^^^^^^^^^
  File "C:\Internship\ai-testing-platform\.venv\Lib\site-packages\pymongo\synchronous\mongo_client.py", line 1851, in _select_server
    server = topology.select_server(
             ^^^^^^^^^^^^^^^^^^^^^^^
  File "C:\Internship\ai-testing-platform\.venv\Lib\site-packages\pymongo\synchronous\topology.py", line 428, in select_server
    server = self._select_server(
             ^^^^^^^^^^^^^^^^^^^^
  File "C:\Internship\ai-testing-platform\.venv\Lib\site-packages\pymongo\synchronous\topology.py", line 402, in _select_server
    servers = self.select_servers(
              ^^^^^^^^^^^^^^^^^^^^
  File "C:\Internship\ai-testing-platform\.venv\Lib\site-packages\pymongo\synchronous\topology.py", line 298, in select_servers
    server_descriptions = self._select_servers_loop(
                          ^^^^^^^^^^^^^^^^^^^^^^^^^^
  File "C:\Internship\ai-testing-platform\.venv\Lib\site-packages\pymongo\synchronous\topology.py", line 359, in _select_servers_loop
    raise ServerSelectionTimeoutError(
pymongo.errors.ServerSelectionTimeoutError: ac-idvu2ff-shard-00-00.z9yxifc.mongodb.net:27017: [Errno 11001] getaddrinfo failed (configured timeouts: socketTimeoutMS: 20000.0ms, connectTimeoutMS: 20000.0ms),ac-idvu2ff-shard-00-01.z9yxifc.mongodb.net:27017: [Errno 11001] getaddrinfo failed (configured timeouts: socketTimeoutMS: 20000.0ms, connectTimeoutMS: 20000.0ms),ac-idvu2ff-shard-00-02.z9yxifc.mongodb.net:27017: [Errno 11001] getaddrinfo failed (configured timeouts: socketTimeoutMS: 20000.0ms, connectTimeoutMS: 20000.0ms), Timeout: 30s, Topology Description: <TopologyDescription id: 6a1e8534f0ea977cee491f96, topology_type: ReplicaSetNoPrimary, servers: [<ServerDescription ('ac-idvu2ff-shard-00-00.z9yxifc.mongodb.net', 27017) server_type: Unknown, rtt: None, error=AutoReconnect('ac-idvu2ff-shard-00-00.z9yxifc.mongodb.net:27017: [Errno 11001] getaddrinfo failed (configured timeouts: socketTimeoutMS: 20000.0ms, connectTimeoutMS: 20000.0ms)')>, <ServerDescription ('ac-idvu2ff-shard-00-01.z9yxifc.mongodb.net', 27017) server_type: Unknown, rtt: None, error=AutoReconnect('ac-idvu2ff-shard-00-01.z9yxifc.mongodb.net:27017: [Errno 11001] getaddrinfo failed (configured timeouts: socketTimeoutMS: 20000.0ms, connectTimeoutMS: 20000.0ms)')>, <ServerDescription ('ac-idvu2ff-shard-00-02.z9yxifc.mongodb.net', 27017) server_type: Unknown, rtt: None, error=AutoReconnect('ac-idvu2ff-shard-00-02.z9yxifc.mongodb.net:27017: [Errno 11001] getaddrinfo failed (configured timeouts: socketTimeoutMS: 20000.0ms, connectTimeoutMS: 20000.0ms)')>]>
2026-06-02 13:35:21,381 | ERROR | server | - | stuck-run cleanup loop crashed; will retry next interval
Traceback (most recent call last):
  File "C:\Internship\ai-testing-platform\backend\server.py", line 251, in _stuck_run_cleanup_loop
    stuck_records = list(stuck_cursor)
                    ^^^^^^^^^^^^^^^^^^
  File "C:\Internship\ai-testing-platform\.venv\Lib\site-packages\pymongo\synchronous\cursor.py", line 1166, in __next__
    return self.next()
           ^^^^^^^^^^^
  File "C:\Internship\ai-testing-platform\.venv\Lib\site-packages\pymongo\synchronous\cursor.py", line 1142, in next
    if len(self._data) or self._refresh():
                          ^^^^^^^^^^^^^^^
  File "C:\Internship\ai-testing-platform\.venv\Lib\site-packages\pymongo\synchronous\cursor.py", line 1090, in _refresh
    self._send_message(q)
  File "C:\Internship\ai-testing-platform\.venv\Lib\site-packages\pymongo\synchronous\cursor.py", line 985, in _send_message
    response = client._run_operation(
               ^^^^^^^^^^^^^^^^^^^^^^
  File "C:\Internship\ai-testing-platform\.venv\Lib\site-packages\pymongo\_csot.py", line 125, in csot_wrapper
    return func(self, *args, **kwargs)
           ^^^^^^^^^^^^^^^^^^^^^^^^^^^
  File "C:\Internship\ai-testing-platform\.venv\Lib\site-packages\pymongo\synchronous\mongo_client.py", line 1956, in _run_operation
    return self._retryable_read(
           ^^^^^^^^^^^^^^^^^^^^^
  File "C:\Internship\ai-testing-platform\.venv\Lib\site-packages\pymongo\synchronous\mongo_client.py", line 2076, in _retryable_read
    return self._retry_internal(
           ^^^^^^^^^^^^^^^^^^^^^
  File "C:\Internship\ai-testing-platform\.venv\Lib\site-packages\pymongo\_csot.py", line 125, in csot_wrapper
    return func(self, *args, **kwargs)
           ^^^^^^^^^^^^^^^^^^^^^^^^^^^
  File "C:\Internship\ai-testing-platform\.venv\Lib\site-packages\pymongo\synchronous\mongo_client.py", line 2038, in _retry_internal
    ).run()
      ^^^^^
  File "C:\Internship\ai-testing-platform\.venv\Lib\site-packages\pymongo\synchronous\mongo_client.py", line 2811, in run
    res = self._read() if self._is_read else self._write()
          ^^^^^^^^^^^^
  File "C:\Internship\ai-testing-platform\.venv\Lib\site-packages\pymongo\synchronous\mongo_client.py", line 3027, in _read
    self._server = self._get_server()
                   ^^^^^^^^^^^^^^^^^^
  File "C:\Internship\ai-testing-platform\.venv\Lib\site-packages\pymongo\synchronous\mongo_client.py", line 2975, in _get_server
    return self._client._select_server(
           ^^^^^^^^^^^^^^^^^^^^^^^^^^^^
  File "C:\Internship\ai-testing-platform\.venv\Lib\site-packages\pymongo\synchronous\mongo_client.py", line 1851, in _select_server
    server = topology.select_server(
             ^^^^^^^^^^^^^^^^^^^^^^^
  File "C:\Internship\ai-testing-platform\.venv\Lib\site-packages\pymongo\synchronous\topology.py", line 428, in select_server
    server = self._select_server(
             ^^^^^^^^^^^^^^^^^^^^
  File "C:\Internship\ai-testing-platform\.venv\Lib\site-packages\pymongo\synchronous\topology.py", line 402, in _select_server
    servers = self.select_servers(
              ^^^^^^^^^^^^^^^^^^^^
  File "C:\Internship\ai-testing-platform\.venv\Lib\site-packages\pymongo\synchronous\topology.py", line 298, in select_servers
    server_descriptions = self._select_servers_loop(
                          ^^^^^^^^^^^^^^^^^^^^^^^^^^
  File "C:\Internship\ai-testing-platform\.venv\Lib\site-packages\pymongo\synchronous\topology.py", line 359, in _select_servers_loop
    raise ServerSelectionTimeoutError(
pymongo.errors.ServerSelectionTimeoutError: ac-idvu2ff-shard-00-00.z9yxifc.mongodb.net:27017: [Errno 11001] getaddrinfo failed (configured timeouts: socketTimeoutMS: 20000.0ms, connectTimeoutMS: 20000.0ms),ac-idvu2ff-shard-00-01.z9yxifc.mongodb.net:27017: [Errno 11001] getaddrinfo failed (configured timeouts: socketTimeoutMS: 20000.0ms, connectTimeoutMS: 20000.0ms),ac-idvu2ff-shard-00-02.z9yxifc.mongodb.net:27017: [Errno 11001] getaddrinfo failed (configured timeouts: socketTimeoutMS: 20000.0ms, connectTimeoutMS: 20000.0ms), Timeout: 30s, Topology Description: <TopologyDescription id: 6a1e8534f0ea977cee491f96, topology_type: ReplicaSetNoPrimary, servers: [<ServerDescription ('ac-idvu2ff-shard-00-00.z9yxifc.mongodb.net', 27017) server_type: Unknown, rtt: None, error=AutoReconnect('ac-idvu2ff-shard-00-00.z9yxifc.mongodb.net:27017: [Errno 11001] getaddrinfo failed (configured timeouts: socketTimeoutMS: 20000.0ms, connectTimeoutMS: 20000.0ms)')>, <ServerDescription ('ac-idvu2ff-shard-00-01.z9yxifc.mongodb.net', 27017) server_type: Unknown, rtt: None, error=AutoReconnect('ac-idvu2ff-shard-00-01.z9yxifc.mongodb.net:27017: [Errno 11001] getaddrinfo failed (configured timeouts: socketTimeoutMS: 20000.0ms, connectTimeoutMS: 20000.0ms)')>, <ServerDescription ('ac-idvu2ff-shard-00-02.z9yxifc.mongodb.net', 27017) server_type: Unknown, rtt: None, error=AutoReconnect('ac-idvu2ff-shard-00-02.z9yxifc.mongodb.net:27017: [Errno 11001] getaddrinfo failed (configured timeouts: socketTimeoutMS: 20000.0ms, connectTimeoutMS: 20000.0ms)')>]>
2026-06-02 13:36:51,703 | ERROR | server | - | stuck-run cleanup loop crashed; will retry next interval
Traceback (most recent call last):
  File "C:\Internship\ai-testing-platform\backend\server.py", line 251, in _stuck_run_cleanup_loop
    stuck_records = list(stuck_cursor)
                    ^^^^^^^^^^^^^^^^^^
  File "C:\Internship\ai-testing-platform\.venv\Lib\site-packages\pymongo\synchronous\cursor.py", line 1166, in __next__
    return self.next()
           ^^^^^^^^^^^
  File "C:\Internship\ai-testing-platform\.venv\Lib\site-packages\pymongo\synchronous\cursor.py", line 1142, in next
    if len(self._data) or self._refresh():
                          ^^^^^^^^^^^^^^^
  File "C:\Internship\ai-testing-platform\.venv\Lib\site-packages\pymongo\synchronous\cursor.py", line 1090, in _refresh
    self._send_message(q)
  File "C:\Internship\ai-testing-platform\.venv\Lib\site-packages\pymongo\synchronous\cursor.py", line 985, in _send_message
    response = client._run_operation(
               ^^^^^^^^^^^^^^^^^^^^^^
  File "C:\Internship\ai-testing-platform\.venv\Lib\site-packages\pymongo\_csot.py", line 125, in csot_wrapper
    return func(self, *args, **kwargs)
           ^^^^^^^^^^^^^^^^^^^^^^^^^^^
  File "C:\Internship\ai-testing-platform\.venv\Lib\site-packages\pymongo\synchronous\mongo_client.py", line 1956, in _run_operation
    return self._retryable_read(
           ^^^^^^^^^^^^^^^^^^^^^
  File "C:\Internship\ai-testing-platform\.venv\Lib\site-packages\pymongo\synchronous\mongo_client.py", line 2076, in _retryable_read
    return self._retry_internal(
           ^^^^^^^^^^^^^^^^^^^^^
  File "C:\Internship\ai-testing-platform\.venv\Lib\site-packages\pymongo\_csot.py", line 125, in csot_wrapper
    return func(self, *args, **kwargs)
           ^^^^^^^^^^^^^^^^^^^^^^^^^^^
  File "C:\Internship\ai-testing-platform\.venv\Lib\site-packages\pymongo\synchronous\mongo_client.py", line 2038, in _retry_internal
    ).run()
      ^^^^^
  File "C:\Internship\ai-testing-platform\.venv\Lib\site-packages\pymongo\synchronous\mongo_client.py", line 2811, in run
    res = self._read() if self._is_read else self._write()
          ^^^^^^^^^^^^
  File "C:\Internship\ai-testing-platform\.venv\Lib\site-packages\pymongo\synchronous\mongo_client.py", line 3027, in _read
    self._server = self._get_server()
                   ^^^^^^^^^^^^^^^^^^
  File "C:\Internship\ai-testing-platform\.venv\Lib\site-packages\pymongo\synchronous\mongo_client.py", line 2975, in _get_server
    return self._client._select_server(
           ^^^^^^^^^^^^^^^^^^^^^^^^^^^^
  File "C:\Internship\ai-testing-platform\.venv\Lib\site-packages\pymongo\synchronous\mongo_client.py", line 1851, in _select_server
    server = topology.select_server(
             ^^^^^^^^^^^^^^^^^^^^^^^
  File "C:\Internship\ai-testing-platform\.venv\Lib\site-packages\pymongo\synchronous\topology.py", line 428, in select_server
    server = self._select_server(
             ^^^^^^^^^^^^^^^^^^^^
  File "C:\Internship\ai-testing-platform\.venv\Lib\site-packages\pymongo\synchronous\topology.py", line 402, in _select_server
    servers = self.select_servers(
              ^^^^^^^^^^^^^^^^^^^^
  File "C:\Internship\ai-testing-platform\.venv\Lib\site-packages\pymongo\synchronous\topology.py", line 298, in select_servers
    server_descriptions = self._select_servers_loop(
                          ^^^^^^^^^^^^^^^^^^^^^^^^^^
  File "C:\Internship\ai-testing-platform\.venv\Lib\site-packages\pymongo\synchronous\topology.py", line 359, in _select_servers_loop
    raise ServerSelectionTimeoutError(
pymongo.errors.ServerSelectionTimeoutError: ac-idvu2ff-shard-00-00.z9yxifc.mongodb.net:27017: [Errno 11001] getaddrinfo failed (configured timeouts: socketTimeoutMS: 20000.0ms, connectTimeoutMS: 20000.0ms),ac-idvu2ff-shard-00-01.z9yxifc.mongodb.net:27017: [Errno 11001] getaddrinfo failed (configured timeouts: socketTimeoutMS: 20000.0ms, connectTimeoutMS: 20000.0ms),ac-idvu2ff-shard-00-02.z9yxifc.mongodb.net:27017: [Errno 11001] getaddrinfo failed (configured timeouts: socketTimeoutMS: 20000.0ms, connectTimeoutMS: 20000.0ms), Timeout: 30s, Topology Description: <TopologyDescription id: 6a1e8534f0ea977cee491f96, topology_type: ReplicaSetNoPrimary, servers: [<ServerDescription ('ac-idvu2ff-shard-00-00.z9yxifc.mongodb.net', 27017) server_type: Unknown, rtt: None, error=AutoReconnect('ac-idvu2ff-shard-00-00.z9yxifc.mongodb.net:27017: [Errno 11001] getaddrinfo failed (configured timeouts: socketTimeoutMS: 20000.0ms, connectTimeoutMS: 20000.0ms)')>, <ServerDescription ('ac-idvu2ff-shard-00-01.z9yxifc.mongodb.net', 27017) server_type: Unknown, rtt: None, error=AutoReconnect('ac-idvu2ff-shard-00-01.z9yxifc.mongodb.net:27017: [Errno 11001] getaddrinfo failed (configured timeouts: socketTimeoutMS: 20000.0ms, connectTimeoutMS: 20000.0ms)')>, <ServerDescription ('ac-idvu2ff-shard-00-02.z9yxifc.mongodb.net', 27017) server_type: Unknown, rtt: None, error=AutoReconnect('ac-idvu2ff-shard-00-02.z9yxifc.mongodb.net:27017: [Errno 11001] getaddrinfo failed (configured timeouts: socketTimeoutMS: 20000.0ms, connectTimeoutMS: 20000.0ms)')>]>
2026-06-02 13:38:22,200 | ERROR | server | - | stuck-run cleanup loop crashed; will retry next interval
Traceback (most recent call last):
  File "C:\Internship\ai-testing-platform\backend\server.py", line 251, in _stuck_run_cleanup_loop
    stuck_records = list(stuck_cursor)
                    ^^^^^^^^^^^^^^^^^^
  File "C:\Internship\ai-testing-platform\.venv\Lib\site-packages\pymongo\synchronous\cursor.py", line 1166, in __next__
    return self.next()
           ^^^^^^^^^^^
  File "C:\Internship\ai-testing-platform\.venv\Lib\site-packages\pymongo\synchronous\cursor.py", line 1142, in next
    if len(self._data) or self._refresh():
                          ^^^^^^^^^^^^^^^
  File "C:\Internship\ai-testing-platform\.venv\Lib\site-packages\pymongo\synchronous\cursor.py", line 1090, in _refresh
    self._send_message(q)
  File "C:\Internship\ai-testing-platform\.venv\Lib\site-packages\pymongo\synchronous\cursor.py", line 985, in _send_message
    response = client._run_operation(
               ^^^^^^^^^^^^^^^^^^^^^^
  File "C:\Internship\ai-testing-platform\.venv\Lib\site-packages\pymongo\_csot.py", line 125, in csot_wrapper
    return func(self, *args, **kwargs)
           ^^^^^^^^^^^^^^^^^^^^^^^^^^^
  File "C:\Internship\ai-testing-platform\.venv\Lib\site-packages\pymongo\synchronous\mongo_client.py", line 1956, in _run_operation
    return self._retryable_read(
           ^^^^^^^^^^^^^^^^^^^^^
  File "C:\Internship\ai-testing-platform\.venv\Lib\site-packages\pymongo\synchronous\mongo_client.py", line 2076, in _retryable_read
    return self._retry_internal(
           ^^^^^^^^^^^^^^^^^^^^^
  File "C:\Internship\ai-testing-platform\.venv\Lib\site-packages\pymongo\_csot.py", line 125, in csot_wrapper
    return func(self, *args, **kwargs)
           ^^^^^^^^^^^^^^^^^^^^^^^^^^^
  File "C:\Internship\ai-testing-platform\.venv\Lib\site-packages\pymongo\synchronous\mongo_client.py", line 2038, in _retry_internal
    ).run()
      ^^^^^
  File "C:\Internship\ai-testing-platform\.venv\Lib\site-packages\pymongo\synchronous\mongo_client.py", line 2811, in run
    res = self._read() if self._is_read else self._write()
          ^^^^^^^^^^^^
  File "C:\Internship\ai-testing-platform\.venv\Lib\site-packages\pymongo\synchronous\mongo_client.py", line 3027, in _read
    self._server = self._get_server()
                   ^^^^^^^^^^^^^^^^^^
  File "C:\Internship\ai-testing-platform\.venv\Lib\site-packages\pymongo\synchronous\mongo_client.py", line 2975, in _get_server
    return self._client._select_server(
           ^^^^^^^^^^^^^^^^^^^^^^^^^^^^
  File "C:\Internship\ai-testing-platform\.venv\Lib\site-packages\pymongo\synchronous\mongo_client.py", line 1851, in _select_server
    server = topology.select_server(
             ^^^^^^^^^^^^^^^^^^^^^^^
  File "C:\Internship\ai-testing-platform\.venv\Lib\site-packages\pymongo\synchronous\topology.py", line 428, in select_server
    server = self._select_server(
             ^^^^^^^^^^^^^^^^^^^^
  File "C:\Internship\ai-testing-platform\.venv\Lib\site-packages\pymongo\synchronous\topology.py", line 402, in _select_server
    servers = self.select_servers(
              ^^^^^^^^^^^^^^^^^^^^
  File "C:\Internship\ai-testing-platform\.venv\Lib\site-packages\pymongo\synchronous\topology.py", line 298, in select_servers
    server_descriptions = self._select_servers_loop(
                          ^^^^^^^^^^^^^^^^^^^^^^^^^^
  File "C:\Internship\ai-testing-platform\.venv\Lib\site-packages\pymongo\synchronous\topology.py", line 359, in _select_servers_loop
    raise ServerSelectionTimeoutError(
pymongo.errors.ServerSelectionTimeoutError: ac-idvu2ff-shard-00-00.z9yxifc.mongodb.net:27017: [Errno 11001] getaddrinfo failed (configured timeouts: socketTimeoutMS: 20000.0ms, connectTimeoutMS: 20000.0ms),ac-idvu2ff-shard-00-01.z9yxifc.mongodb.net:27017: [Errno 11001] getaddrinfo failed (configured timeouts: socketTimeoutMS: 20000.0ms, connectTimeoutMS: 20000.0ms),ac-idvu2ff-shard-00-02.z9yxifc.mongodb.net:27017: [Errno 11001] getaddrinfo failed (configured timeouts: socketTimeoutMS: 20000.0ms, connectTimeoutMS: 20000.0ms), Timeout: 30s, Topology Description: <TopologyDescription id: 6a1e8534f0ea977cee491f96, topology_type: ReplicaSetNoPrimary, servers: [<ServerDescription ('ac-idvu2ff-shard-00-00.z9yxifc.mongodb.net', 27017) server_type: Unknown, rtt: None, error=AutoReconnect('ac-idvu2ff-shard-00-00.z9yxifc.mongodb.net:27017: [Errno 11001] getaddrinfo failed (configured timeouts: socketTimeoutMS: 20000.0ms, connectTimeoutMS: 20000.0ms)')>, <ServerDescription ('ac-idvu2ff-shard-00-01.z9yxifc.mongodb.net', 27017) server_type: Unknown, rtt: None, error=AutoReconnect('ac-idvu2ff-shard-00-01.z9yxifc.mongodb.net:27017: [Errno 11001] getaddrinfo failed (configured timeouts: socketTimeoutMS: 20000.0ms, connectTimeoutMS: 20000.0ms)')>, <ServerDescription ('ac-idvu2ff-shard-00-02.z9yxifc.mongodb.net', 27017) server_type: Unknown, rtt: None, error=AutoReconnect('ac-idvu2ff-shard-00-02.z9yxifc.mongodb.net:27017: [Errno 11001] getaddrinfo failed (configured timeouts: socketTimeoutMS: 20000.0ms, connectTimeoutMS: 20000.0ms)')>]>
2026-06-02 13:39:52,282 | ERROR | server | - | stuck-run cleanup loop crashed; will retry next interval
Traceback (most recent call last):
  File "C:\Internship\ai-testing-platform\backend\server.py", line 251, in _stuck_run_cleanup_loop
    stuck_records = list(stuck_cursor)
                    ^^^^^^^^^^^^^^^^^^
  File "C:\Internship\ai-testing-platform\.venv\Lib\site-packages\pymongo\synchronous\cursor.py", line 1166, in __next__
    return self.next()
           ^^^^^^^^^^^
  File "C:\Internship\ai-testing-platform\.venv\Lib\site-packages\pymongo\synchronous\cursor.py", line 1142, in next
    if len(self._data) or self._refresh():
                          ^^^^^^^^^^^^^^^
  File "C:\Internship\ai-testing-platform\.venv\Lib\site-packages\pymongo\synchronous\cursor.py", line 1090, in _refresh
    self._send_message(q)
  File "C:\Internship\ai-testing-platform\.venv\Lib\site-packages\pymongo\synchronous\cursor.py", line 985, in _send_message
    response = client._run_operation(
               ^^^^^^^^^^^^^^^^^^^^^^
  File "C:\Internship\ai-testing-platform\.venv\Lib\site-packages\pymongo\_csot.py", line 125, in csot_wrapper
    return func(self, *args, **kwargs)
           ^^^^^^^^^^^^^^^^^^^^^^^^^^^
  File "C:\Internship\ai-testing-platform\.venv\Lib\site-packages\pymongo\synchronous\mongo_client.py", line 1956, in _run_operation
    return self._retryable_read(
           ^^^^^^^^^^^^^^^^^^^^^
  File "C:\Internship\ai-testing-platform\.venv\Lib\site-packages\pymongo\synchronous\mongo_client.py", line 2076, in _retryable_read
    return self._retry_internal(
           ^^^^^^^^^^^^^^^^^^^^^
  File "C:\Internship\ai-testing-platform\.venv\Lib\site-packages\pymongo\_csot.py", line 125, in csot_wrapper
    return func(self, *args, **kwargs)
           ^^^^^^^^^^^^^^^^^^^^^^^^^^^
  File "C:\Internship\ai-testing-platform\.venv\Lib\site-packages\pymongo\synchronous\mongo_client.py", line 2038, in _retry_internal
    ).run()
      ^^^^^
  File "C:\Internship\ai-testing-platform\.venv\Lib\site-packages\pymongo\synchronous\mongo_client.py", line 2811, in run
    res = self._read() if self._is_read else self._write()
          ^^^^^^^^^^^^
  File "C:\Internship\ai-testing-platform\.venv\Lib\site-packages\pymongo\synchronous\mongo_client.py", line 3027, in _read
    self._server = self._get_server()
                   ^^^^^^^^^^^^^^^^^^
  File "C:\Internship\ai-testing-platform\.venv\Lib\site-packages\pymongo\synchronous\mongo_client.py", line 2975, in _get_server
    return self._client._select_server(
           ^^^^^^^^^^^^^^^^^^^^^^^^^^^^
  File "C:\Internship\ai-testing-platform\.venv\Lib\site-packages\pymongo\synchronous\mongo_client.py", line 1851, in _select_server
    server = topology.select_server(
             ^^^^^^^^^^^^^^^^^^^^^^^
  File "C:\Internship\ai-testing-platform\.venv\Lib\site-packages\pymongo\synchronous\topology.py", line 428, in select_server
    server = self._select_server(
             ^^^^^^^^^^^^^^^^^^^^
  File "C:\Internship\ai-testing-platform\.venv\Lib\site-packages\pymongo\synchronous\topology.py", line 402, in _select_server
    servers = self.select_servers(
              ^^^^^^^^^^^^^^^^^^^^
  File "C:\Internship\ai-testing-platform\.venv\Lib\site-packages\pymongo\synchronous\topology.py", line 298, in select_servers
    server_descriptions = self._select_servers_loop(
                          ^^^^^^^^^^^^^^^^^^^^^^^^^^
  File "C:\Internship\ai-testing-platform\.venv\Lib\site-packages\pymongo\synchronous\topology.py", line 359, in _select_servers_loop
    raise ServerSelectionTimeoutError(
pymongo.errors.ServerSelectionTimeoutError: ac-idvu2ff-shard-00-00.z9yxifc.mongodb.net:27017: [Errno 11001] getaddrinfo failed (configured timeouts: socketTimeoutMS: 20000.0ms, connectTimeoutMS: 20000.0ms),ac-idvu2ff-shard-00-01.z9yxifc.mongodb.net:27017: [Errno 11001] getaddrinfo failed (configured timeouts: socketTimeoutMS: 20000.0ms, connectTimeoutMS: 20000.0ms),ac-idvu2ff-shard-00-02.z9yxifc.mongodb.net:27017: [Errno 11001] getaddrinfo failed (configured timeouts: socketTimeoutMS: 20000.0ms, connectTimeoutMS: 20000.0ms), Timeout: 30s, Topology Description: <TopologyDescription id: 6a1e8534f0ea977cee491f96, topology_type: ReplicaSetNoPrimary, servers: [<ServerDescription ('ac-idvu2ff-shard-00-00.z9yxifc.mongodb.net', 27017) server_type: Unknown, rtt: None, error=AutoReconnect('ac-idvu2ff-shard-00-00.z9yxifc.mongodb.net:27017: [Errno 11001] getaddrinfo failed (configured timeouts: socketTimeoutMS: 20000.0ms, connectTimeoutMS: 20000.0ms)')>, <ServerDescription ('ac-idvu2ff-shard-00-01.z9yxifc.mongodb.net', 27017) server_type: Unknown, rtt: None, error=AutoReconnect('ac-idvu2ff-shard-00-01.z9yxifc.mongodb.net:27017: [Errno 11001] getaddrinfo failed (configured timeouts: socketTimeoutMS: 20000.0ms, connectTimeoutMS: 20000.0ms)')>, <ServerDescription ('ac-idvu2ff-shard-00-02.z9yxifc.mongodb.net', 27017) server_type: Unknown, rtt: None, error=AutoReconnect('ac-idvu2ff-shard-00-02.z9yxifc.mongodb.net:27017: [Errno 11001] getaddrinfo failed (configured timeouts: socketTimeoutMS: 20000.0ms, connectTimeoutMS: 20000.0ms)')>]>
2026-06-02 13:41:22,376 | ERROR | server | - | stuck-run cleanup loop crashed; will retry next interval
Traceback (most recent call last):
  File "C:\Internship\ai-testing-platform\backend\server.py", line 251, in _stuck_run_cleanup_loop
    stuck_records = list(stuck_cursor)
                    ^^^^^^^^^^^^^^^^^^
  File "C:\Internship\ai-testing-platform\.venv\Lib\site-packages\pymongo\synchronous\cursor.py", line 1166, in __next__
    return self.next()
           ^^^^^^^^^^^
  File "C:\Internship\ai-testing-platform\.venv\Lib\site-packages\pymongo\synchronous\cursor.py", line 1142, in next
    if len(self._data) or self._refresh():
                          ^^^^^^^^^^^^^^^
  File "C:\Internship\ai-testing-platform\.venv\Lib\site-packages\pymongo\synchronous\cursor.py", line 1090, in _refresh
    self._send_message(q)
  File "C:\Internship\ai-testing-platform\.venv\Lib\site-packages\pymongo\synchronous\cursor.py", line 985, in _send_message
    response = client._run_operation(
               ^^^^^^^^^^^^^^^^^^^^^^
  File "C:\Internship\ai-testing-platform\.venv\Lib\site-packages\pymongo\_csot.py", line 125, in csot_wrapper
    return func(self, *args, **kwargs)
           ^^^^^^^^^^^^^^^^^^^^^^^^^^^
  File "C:\Internship\ai-testing-platform\.venv\Lib\site-packages\pymongo\synchronous\mongo_client.py", line 1956, in _run_operation
    return self._retryable_read(
           ^^^^^^^^^^^^^^^^^^^^^
  File "C:\Internship\ai-testing-platform\.venv\Lib\site-packages\pymongo\synchronous\mongo_client.py", line 2076, in _retryable_read
    return self._retry_internal(
           ^^^^^^^^^^^^^^^^^^^^^
  File "C:\Internship\ai-testing-platform\.venv\Lib\site-packages\pymongo\_csot.py", line 125, in csot_wrapper
    return func(self, *args, **kwargs)
           ^^^^^^^^^^^^^^^^^^^^^^^^^^^
  File "C:\Internship\ai-testing-platform\.venv\Lib\site-packages\pymongo\synchronous\mongo_client.py", line 2038, in _retry_internal
    ).run()
      ^^^^^
  File "C:\Internship\ai-testing-platform\.venv\Lib\site-packages\pymongo\synchronous\mongo_client.py", line 2811, in run
    res = self._read() if self._is_read else self._write()
          ^^^^^^^^^^^^
  File "C:\Internship\ai-testing-platform\.venv\Lib\site-packages\pymongo\synchronous\mongo_client.py", line 3027, in _read
    self._server = self._get_server()
                   ^^^^^^^^^^^^^^^^^^
  File "C:\Internship\ai-testing-platform\.venv\Lib\site-packages\pymongo\synchronous\mongo_client.py", line 2975, in _get_server
    return self._client._select_server(
           ^^^^^^^^^^^^^^^^^^^^^^^^^^^^
  File "C:\Internship\ai-testing-platform\.venv\Lib\site-packages\pymongo\synchronous\mongo_client.py", line 1851, in _select_server
    server = topology.select_server(
             ^^^^^^^^^^^^^^^^^^^^^^^
  File "C:\Internship\ai-testing-platform\.venv\Lib\site-packages\pymongo\synchronous\topology.py", line 428, in select_server
    server = self._select_server(
             ^^^^^^^^^^^^^^^^^^^^
  File "C:\Internship\ai-testing-platform\.venv\Lib\site-packages\pymongo\synchronous\topology.py", line 402, in _select_server
    servers = self.select_servers(
              ^^^^^^^^^^^^^^^^^^^^
  File "C:\Internship\ai-testing-platform\.venv\Lib\site-packages\pymongo\synchronous\topology.py", line 298, in select_servers
    server_descriptions = self._select_servers_loop(
                          ^^^^^^^^^^^^^^^^^^^^^^^^^^
  File "C:\Internship\ai-testing-platform\.venv\Lib\site-packages\pymongo\synchronous\topology.py", line 359, in _select_servers_loop
    raise ServerSelectionTimeoutError(
pymongo.errors.ServerSelectionTimeoutError: ac-idvu2ff-shard-00-00.z9yxifc.mongodb.net:27017: [Errno 11001] getaddrinfo failed (configured timeouts: socketTimeoutMS: 20000.0ms, connectTimeoutMS: 20000.0ms),ac-idvu2ff-shard-00-01.z9yxifc.mongodb.net:27017: [Errno 11001] getaddrinfo failed (configured timeouts: socketTimeoutMS: 20000.0ms, connectTimeoutMS: 20000.0ms),ac-idvu2ff-shard-00-02.z9yxifc.mongodb.net:27017: [Errno 11001] getaddrinfo failed (configured timeouts: socketTimeoutMS: 20000.0ms, connectTimeoutMS: 20000.0ms), Timeout: 30s, Topology Description: <TopologyDescription id: 6a1e8534f0ea977cee491f96, topology_type: ReplicaSetNoPrimary, servers: [<ServerDescription ('ac-idvu2ff-shard-00-00.z9yxifc.mongodb.net', 27017) server_type: Unknown, rtt: None, error=AutoReconnect('ac-idvu2ff-shard-00-00.z9yxifc.mongodb.net:27017: [Errno 11001] getaddrinfo failed (configured timeouts: socketTimeoutMS: 20000.0ms, connectTimeoutMS: 20000.0ms)')>, <ServerDescription ('ac-idvu2ff-shard-00-01.z9yxifc.mongodb.net', 27017) server_type: Unknown, rtt: None, error=AutoReconnect('ac-idvu2ff-shard-00-01.z9yxifc.mongodb.net:27017: [Errno 11001] getaddrinfo failed (configured timeouts: socketTimeoutMS: 20000.0ms, connectTimeoutMS: 20000.0ms)')>, <ServerDescription ('ac-idvu2ff-shard-00-02.z9yxifc.mongodb.net', 27017) server_type: Unknown, rtt: None, error=AutoReconnect('ac-idvu2ff-shard-00-02.z9yxifc.mongodb.net:27017: [Errno 11001] getaddrinfo failed (configured timeouts: socketTimeoutMS: 20000.0ms, connectTimeoutMS: 20000.0ms)')>]>
2026-06-02 13:42:52,518 | ERROR | server | - | stuck-run cleanup loop crashed; will retry next interval
Traceback (most recent call last):
  File "C:\Internship\ai-testing-platform\backend\server.py", line 251, in _stuck_run_cleanup_loop
    stuck_records = list(stuck_cursor)
                    ^^^^^^^^^^^^^^^^^^
  File "C:\Internship\ai-testing-platform\.venv\Lib\site-packages\pymongo\synchronous\cursor.py", line 1166, in __next__
    return self.next()
           ^^^^^^^^^^^
  File "C:\Internship\ai-testing-platform\.venv\Lib\site-packages\pymongo\synchronous\cursor.py", line 1142, in next
    if len(self._data) or self._refresh():
                          ^^^^^^^^^^^^^^^
  File "C:\Internship\ai-testing-platform\.venv\Lib\site-packages\pymongo\synchronous\cursor.py", line 1090, in _refresh
    self._send_message(q)
  File "C:\Internship\ai-testing-platform\.venv\Lib\site-packages\pymongo\synchronous\cursor.py", line 985, in _send_message
    response = client._run_operation(
               ^^^^^^^^^^^^^^^^^^^^^^
  File "C:\Internship\ai-testing-platform\.venv\Lib\site-packages\pymongo\_csot.py", line 125, in csot_wrapper
    return func(self, *args, **kwargs)
           ^^^^^^^^^^^^^^^^^^^^^^^^^^^
  File "C:\Internship\ai-testing-platform\.venv\Lib\site-packages\pymongo\synchronous\mongo_client.py", line 1956, in _run_operation
    return self._retryable_read(
           ^^^^^^^^^^^^^^^^^^^^^
  File "C:\Internship\ai-testing-platform\.venv\Lib\site-packages\pymongo\synchronous\mongo_client.py", line 2076, in _retryable_read
    return self._retry_internal(
           ^^^^^^^^^^^^^^^^^^^^^
  File "C:\Internship\ai-testing-platform\.venv\Lib\site-packages\pymongo\_csot.py", line 125, in csot_wrapper
    return func(self, *args, **kwargs)
           ^^^^^^^^^^^^^^^^^^^^^^^^^^^
  File "C:\Internship\ai-testing-platform\.venv\Lib\site-packages\pymongo\synchronous\mongo_client.py", line 2038, in _retry_internal
    ).run()
      ^^^^^
  File "C:\Internship\ai-testing-platform\.venv\Lib\site-packages\pymongo\synchronous\mongo_client.py", line 2811, in run
    res = self._read() if self._is_read else self._write()
          ^^^^^^^^^^^^
  File "C:\Internship\ai-testing-platform\.venv\Lib\site-packages\pymongo\synchronous\mongo_client.py", line 3027, in _read
    self._server = self._get_server()
                   ^^^^^^^^^^^^^^^^^^
  File "C:\Internship\ai-testing-platform\.venv\Lib\site-packages\pymongo\synchronous\mongo_client.py", line 2975, in _get_server
    return self._client._select_server(
           ^^^^^^^^^^^^^^^^^^^^^^^^^^^^
  File "C:\Internship\ai-testing-platform\.venv\Lib\site-packages\pymongo\synchronous\mongo_client.py", line 1851, in _select_server
    server = topology.select_server(
             ^^^^^^^^^^^^^^^^^^^^^^^
  File "C:\Internship\ai-testing-platform\.venv\Lib\site-packages\pymongo\synchronous\topology.py", line 428, in select_server
    server = self._select_server(
             ^^^^^^^^^^^^^^^^^^^^
  File "C:\Internship\ai-testing-platform\.venv\Lib\site-packages\pymongo\synchronous\topology.py", line 402, in _select_server
    servers = self.select_servers(
              ^^^^^^^^^^^^^^^^^^^^
  File "C:\Internship\ai-testing-platform\.venv\Lib\site-packages\pymongo\synchronous\topology.py", line 298, in select_servers
    server_descriptions = self._select_servers_loop(
                          ^^^^^^^^^^^^^^^^^^^^^^^^^^
  File "C:\Internship\ai-testing-platform\.venv\Lib\site-packages\pymongo\synchronous\topology.py", line 359, in _select_servers_loop
    raise ServerSelectionTimeoutError(
pymongo.errors.ServerSelectionTimeoutError: ac-idvu2ff-shard-00-00.z9yxifc.mongodb.net:27017: [Errno 11001] getaddrinfo failed (configured timeouts: socketTimeoutMS: 20000.0ms, connectTimeoutMS: 20000.0ms),ac-idvu2ff-shard-00-01.z9yxifc.mongodb.net:27017: [Errno 11001] getaddrinfo failed (configured timeouts: socketTimeoutMS: 20000.0ms, connectTimeoutMS: 20000.0ms),ac-idvu2ff-shard-00-02.z9yxifc.mongodb.net:27017: [Errno 11001] getaddrinfo failed (configured timeouts: socketTimeoutMS: 20000.0ms, connectTimeoutMS: 20000.0ms), Timeout: 30s, Topology Description: <TopologyDescription id: 6a1e8534f0ea977cee491f96, topology_type: ReplicaSetNoPrimary, servers: [<ServerDescription ('ac-idvu2ff-shard-00-00.z9yxifc.mongodb.net', 27017) server_type: Unknown, rtt: None, error=AutoReconnect('ac-idvu2ff-shard-00-00.z9yxifc.mongodb.net:27017: [Errno 11001] getaddrinfo failed (configured timeouts: socketTimeoutMS: 20000.0ms, connectTimeoutMS: 20000.0ms)')>, <ServerDescription ('ac-idvu2ff-shard-00-01.z9yxifc.mongodb.net', 27017) server_type: Unknown, rtt: None, error=AutoReconnect('ac-idvu2ff-shard-00-01.z9yxifc.mongodb.net:27017: [Errno 11001] getaddrinfo failed (configured timeouts: socketTimeoutMS: 20000.0ms, connectTimeoutMS: 20000.0ms)')>, <ServerDescription ('ac-idvu2ff-shard-00-02.z9yxifc.mongodb.net', 27017) server_type: Unknown, rtt: None, error=AutoReconnect('ac-idvu2ff-shard-00-02.z9yxifc.mongodb.net:27017: [Errno 11001] getaddrinfo failed (configured timeouts: socketTimeoutMS: 20000.0ms, connectTimeoutMS: 20000.0ms)')>]>
2026-06-02 13:44:22,911 | ERROR | server | - | stuck-run cleanup loop crashed; will retry next interval
Traceback (most recent call last):
  File "C:\Internship\ai-testing-platform\backend\server.py", line 251, in _stuck_run_cleanup_loop
    stuck_records = list(stuck_cursor)
                    ^^^^^^^^^^^^^^^^^^
  File "C:\Internship\ai-testing-platform\.venv\Lib\site-packages\pymongo\synchronous\cursor.py", line 1166, in __next__
    return self.next()
           ^^^^^^^^^^^
  File "C:\Internship\ai-testing-platform\.venv\Lib\site-packages\pymongo\synchronous\cursor.py", line 1142, in next
    if len(self._data) or self._refresh():
                          ^^^^^^^^^^^^^^^
  File "C:\Internship\ai-testing-platform\.venv\Lib\site-packages\pymongo\synchronous\cursor.py", line 1090, in _refresh
    self._send_message(q)
  File "C:\Internship\ai-testing-platform\.venv\Lib\site-packages\pymongo\synchronous\cursor.py", line 985, in _send_message
    response = client._run_operation(
               ^^^^^^^^^^^^^^^^^^^^^^
  File "C:\Internship\ai-testing-platform\.venv\Lib\site-packages\pymongo\_csot.py", line 125, in csot_wrapper
    return func(self, *args, **kwargs)
           ^^^^^^^^^^^^^^^^^^^^^^^^^^^
  File "C:\Internship\ai-testing-platform\.venv\Lib\site-packages\pymongo\synchronous\mongo_client.py", line 1956, in _run_operation
    return self._retryable_read(
           ^^^^^^^^^^^^^^^^^^^^^
  File "C:\Internship\ai-testing-platform\.venv\Lib\site-packages\pymongo\synchronous\mongo_client.py", line 2076, in _retryable_read
    return self._retry_internal(
           ^^^^^^^^^^^^^^^^^^^^^
  File "C:\Internship\ai-testing-platform\.venv\Lib\site-packages\pymongo\_csot.py", line 125, in csot_wrapper
    return func(self, *args, **kwargs)
           ^^^^^^^^^^^^^^^^^^^^^^^^^^^
  File "C:\Internship\ai-testing-platform\.venv\Lib\site-packages\pymongo\synchronous\mongo_client.py", line 2038, in _retry_internal
    ).run()
      ^^^^^
  File "C:\Internship\ai-testing-platform\.venv\Lib\site-packages\pymongo\synchronous\mongo_client.py", line 2811, in run
    res = self._read() if self._is_read else self._write()
          ^^^^^^^^^^^^
  File "C:\Internship\ai-testing-platform\.venv\Lib\site-packages\pymongo\synchronous\mongo_client.py", line 3027, in _read
    self._server = self._get_server()
                   ^^^^^^^^^^^^^^^^^^
  File "C:\Internship\ai-testing-platform\.venv\Lib\site-packages\pymongo\synchronous\mongo_client.py", line 2975, in _get_server
    return self._client._select_server(
           ^^^^^^^^^^^^^^^^^^^^^^^^^^^^
  File "C:\Internship\ai-testing-platform\.venv\Lib\site-packages\pymongo\synchronous\mongo_client.py", line 1851, in _select_server
    server = topology.select_server(
             ^^^^^^^^^^^^^^^^^^^^^^^
  File "C:\Internship\ai-testing-platform\.venv\Lib\site-packages\pymongo\synchronous\topology.py", line 428, in select_server
    server = self._select_server(
             ^^^^^^^^^^^^^^^^^^^^
  File "C:\Internship\ai-testing-platform\.venv\Lib\site-packages\pymongo\synchronous\topology.py", line 402, in _select_server
    servers = self.select_servers(
              ^^^^^^^^^^^^^^^^^^^^
  File "C:\Internship\ai-testing-platform\.venv\Lib\site-packages\pymongo\synchronous\topology.py", line 298, in select_servers
    server_descriptions = self._select_servers_loop(
                          ^^^^^^^^^^^^^^^^^^^^^^^^^^
  File "C:\Internship\ai-testing-platform\.venv\Lib\site-packages\pymongo\synchronous\topology.py", line 359, in _select_servers_loop
    raise ServerSelectionTimeoutError(
pymongo.errors.ServerSelectionTimeoutError: ac-idvu2ff-shard-00-00.z9yxifc.mongodb.net:27017: [Errno 11001] getaddrinfo failed (configured timeouts: socketTimeoutMS: 20000.0ms, connectTimeoutMS: 20000.0ms),ac-idvu2ff-shard-00-01.z9yxifc.mongodb.net:27017: [Errno 11001] getaddrinfo failed (configured timeouts: socketTimeoutMS: 20000.0ms, connectTimeoutMS: 20000.0ms),ac-idvu2ff-shard-00-02.z9yxifc.mongodb.net:27017: [Errno 11001] getaddrinfo failed (configured timeouts: socketTimeoutMS: 20000.0ms, connectTimeoutMS: 20000.0ms), Timeout: 30s, Topology Description: <TopologyDescription id: 6a1e8534f0ea977cee491f96, topology_type: ReplicaSetNoPrimary, servers: [<ServerDescription ('ac-idvu2ff-shard-00-00.z9yxifc.mongodb.net', 27017) server_type: Unknown, rtt: None, error=AutoReconnect('ac-idvu2ff-shard-00-00.z9yxifc.mongodb.net:27017: [Errno 11001] getaddrinfo failed (configured timeouts: socketTimeoutMS: 20000.0ms, connectTimeoutMS: 20000.0ms)')>, <ServerDescription ('ac-idvu2ff-shard-00-01.z9yxifc.mongodb.net', 27017) server_type: Unknown, rtt: None, error=AutoReconnect('ac-idvu2ff-shard-00-01.z9yxifc.mongodb.net:27017: [Errno 11001] getaddrinfo failed (configured timeouts: socketTimeoutMS: 20000.0ms, connectTimeoutMS: 20000.0ms)')>, <ServerDescription ('ac-idvu2ff-shard-00-02.z9yxifc.mongodb.net', 27017) server_type: Unknown, rtt: None, error=AutoReconnect('ac-idvu2ff-shard-00-02.z9yxifc.mongodb.net:27017: [Errno 11001] getaddrinfo failed (configured timeouts: socketTimeoutMS: 20000.0ms, connectTimeoutMS: 20000.0ms)')>]>
2026-06-02 13:45:53,005 | ERROR | server | - | stuck-run cleanup loop crashed; will retry next interval
Traceback (most recent call last):
  File "C:\Internship\ai-testing-platform\backend\server.py", line 251, in _stuck_run_cleanup_loop
    stuck_records = list(stuck_cursor)
                    ^^^^^^^^^^^^^^^^^^
  File "C:\Internship\ai-testing-platform\.venv\Lib\site-packages\pymongo\synchronous\cursor.py", line 1166, in __next__
    return self.next()
           ^^^^^^^^^^^
  File "C:\Internship\ai-testing-platform\.venv\Lib\site-packages\pymongo\synchronous\cursor.py", line 1142, in next
    if len(self._data) or self._refresh():
                          ^^^^^^^^^^^^^^^
  File "C:\Internship\ai-testing-platform\.venv\Lib\site-packages\pymongo\synchronous\cursor.py", line 1090, in _refresh
    self._send_message(q)
  File "C:\Internship\ai-testing-platform\.venv\Lib\site-packages\pymongo\synchronous\cursor.py", line 985, in _send_message
    response = client._run_operation(
               ^^^^^^^^^^^^^^^^^^^^^^
  File "C:\Internship\ai-testing-platform\.venv\Lib\site-packages\pymongo\_csot.py", line 125, in csot_wrapper
    return func(self, *args, **kwargs)
           ^^^^^^^^^^^^^^^^^^^^^^^^^^^
  File "C:\Internship\ai-testing-platform\.venv\Lib\site-packages\pymongo\synchronous\mongo_client.py", line 1956, in _run_operation
    return self._retryable_read(
           ^^^^^^^^^^^^^^^^^^^^^
  File "C:\Internship\ai-testing-platform\.venv\Lib\site-packages\pymongo\synchronous\mongo_client.py", line 2076, in _retryable_read
    return self._retry_internal(
           ^^^^^^^^^^^^^^^^^^^^^
  File "C:\Internship\ai-testing-platform\.venv\Lib\site-packages\pymongo\_csot.py", line 125, in csot_wrapper
    return func(self, *args, **kwargs)
           ^^^^^^^^^^^^^^^^^^^^^^^^^^^
  File "C:\Internship\ai-testing-platform\.venv\Lib\site-packages\pymongo\synchronous\mongo_client.py", line 2038, in _retry_internal
    ).run()
      ^^^^^
  File "C:\Internship\ai-testing-platform\.venv\Lib\site-packages\pymongo\synchronous\mongo_client.py", line 2811, in run
    res = self._read() if self._is_read else self._write()
          ^^^^^^^^^^^^
  File "C:\Internship\ai-testing-platform\.venv\Lib\site-packages\pymongo\synchronous\mongo_client.py", line 3027, in _read
    self._server = self._get_server()
                   ^^^^^^^^^^^^^^^^^^
  File "C:\Internship\ai-testing-platform\.venv\Lib\site-packages\pymongo\synchronous\mongo_client.py", line 2975, in _get_server
    return self._client._select_server(
           ^^^^^^^^^^^^^^^^^^^^^^^^^^^^
  File "C:\Internship\ai-testing-platform\.venv\Lib\site-packages\pymongo\synchronous\mongo_client.py", line 1851, in _select_server
    server = topology.select_server(
             ^^^^^^^^^^^^^^^^^^^^^^^
  File "C:\Internship\ai-testing-platform\.venv\Lib\site-packages\pymongo\synchronous\topology.py", line 428, in select_server
    server = self._select_server(
             ^^^^^^^^^^^^^^^^^^^^
  File "C:\Internship\ai-testing-platform\.venv\Lib\site-packages\pymongo\synchronous\topology.py", line 402, in _select_server
    servers = self.select_servers(
              ^^^^^^^^^^^^^^^^^^^^
  File "C:\Internship\ai-testing-platform\.venv\Lib\site-packages\pymongo\synchronous\topology.py", line 298, in select_servers
    server_descriptions = self._select_servers_loop(
                          ^^^^^^^^^^^^^^^^^^^^^^^^^^
  File "C:\Internship\ai-testing-platform\.venv\Lib\site-packages\pymongo\synchronous\topology.py", line 359, in _select_servers_loop
    raise ServerSelectionTimeoutError(
pymongo.errors.ServerSelectionTimeoutError: ac-idvu2ff-shard-00-00.z9yxifc.mongodb.net:27017: [Errno 11001] getaddrinfo failed (configured timeouts: socketTimeoutMS: 20000.0ms, connectTimeoutMS: 20000.0ms),ac-idvu2ff-shard-00-01.z9yxifc.mongodb.net:27017: [Errno 11001] getaddrinfo failed (configured timeouts: socketTimeoutMS: 20000.0ms, connectTimeoutMS: 20000.0ms),ac-idvu2ff-shard-00-02.z9yxifc.mongodb.net:27017: [Errno 11001] getaddrinfo failed (configured timeouts: socketTimeoutMS: 20000.0ms, connectTimeoutMS: 20000.0ms), Timeout: 30s, Topology Description: <TopologyDescription id: 6a1e8534f0ea977cee491f96, topology_type: ReplicaSetNoPrimary, servers: [<ServerDescription ('ac-idvu2ff-shard-00-00.z9yxifc.mongodb.net', 27017) server_type: Unknown, rtt: None, error=AutoReconnect('ac-idvu2ff-shard-00-00.z9yxifc.mongodb.net:27017: [Errno 11001] getaddrinfo failed (configured timeouts: socketTimeoutMS: 20000.0ms, connectTimeoutMS: 20000.0ms)')>, <ServerDescription ('ac-idvu2ff-shard-00-01.z9yxifc.mongodb.net', 27017) server_type: Unknown, rtt: None, error=AutoReconnect('ac-idvu2ff-shard-00-01.z9yxifc.mongodb.net:27017: [Errno 11001] getaddrinfo failed (configured timeouts: socketTimeoutMS: 20000.0ms, connectTimeoutMS: 20000.0ms)')>, <ServerDescription ('ac-idvu2ff-shard-00-02.z9yxifc.mongodb.net', 27017) server_type: Unknown, rtt: None, error=AutoReconnect('ac-idvu2ff-shard-00-02.z9yxifc.mongodb.net:27017: [Errno 11001] getaddrinfo failed (configured timeouts: socketTimeoutMS: 20000.0ms, connectTimeoutMS: 20000.0ms)')>]>
2026-06-02 13:47:23,427 | ERROR | server | - | stuck-run cleanup loop crashed; will retry next interval
Traceback (most recent call last):
  File "C:\Internship\ai-testing-platform\backend\server.py", line 251, in _stuck_run_cleanup_loop
    stuck_records = list(stuck_cursor)
                    ^^^^^^^^^^^^^^^^^^
  File "C:\Internship\ai-testing-platform\.venv\Lib\site-packages\pymongo\synchronous\cursor.py", line 1166, in __next__
    return self.next()
           ^^^^^^^^^^^
  File "C:\Internship\ai-testing-platform\.venv\Lib\site-packages\pymongo\synchronous\cursor.py", line 1142, in next
    if len(self._data) or self._refresh():
                          ^^^^^^^^^^^^^^^
  File "C:\Internship\ai-testing-platform\.venv\Lib\site-packages\pymongo\synchronous\cursor.py", line 1090, in _refresh
    self._send_message(q)
  File "C:\Internship\ai-testing-platform\.venv\Lib\site-packages\pymongo\synchronous\cursor.py", line 985, in _send_message
    response = client._run_operation(
               ^^^^^^^^^^^^^^^^^^^^^^
  File "C:\Internship\ai-testing-platform\.venv\Lib\site-packages\pymongo\_csot.py", line 125, in csot_wrapper
    return func(self, *args, **kwargs)
           ^^^^^^^^^^^^^^^^^^^^^^^^^^^
  File "C:\Internship\ai-testing-platform\.venv\Lib\site-packages\pymongo\synchronous\mongo_client.py", line 1956, in _run_operation
    return self._retryable_read(
           ^^^^^^^^^^^^^^^^^^^^^
  File "C:\Internship\ai-testing-platform\.venv\Lib\site-packages\pymongo\synchronous\mongo_client.py", line 2076, in _retryable_read
    return self._retry_internal(
           ^^^^^^^^^^^^^^^^^^^^^
  File "C:\Internship\ai-testing-platform\.venv\Lib\site-packages\pymongo\_csot.py", line 125, in csot_wrapper
    return func(self, *args, **kwargs)
           ^^^^^^^^^^^^^^^^^^^^^^^^^^^
  File "C:\Internship\ai-testing-platform\.venv\Lib\site-packages\pymongo\synchronous\mongo_client.py", line 2038, in _retry_internal
    ).run()
      ^^^^^
  File "C:\Internship\ai-testing-platform\.venv\Lib\site-packages\pymongo\synchronous\mongo_client.py", line 2811, in run
    res = self._read() if self._is_read else self._write()
          ^^^^^^^^^^^^
  File "C:\Internship\ai-testing-platform\.venv\Lib\site-packages\pymongo\synchronous\mongo_client.py", line 3027, in _read
    self._server = self._get_server()
                   ^^^^^^^^^^^^^^^^^^
  File "C:\Internship\ai-testing-platform\.venv\Lib\site-packages\pymongo\synchronous\mongo_client.py", line 2975, in _get_server
    return self._client._select_server(
           ^^^^^^^^^^^^^^^^^^^^^^^^^^^^
  File "C:\Internship\ai-testing-platform\.venv\Lib\site-packages\pymongo\synchronous\mongo_client.py", line 1851, in _select_server
    server = topology.select_server(
             ^^^^^^^^^^^^^^^^^^^^^^^
  File "C:\Internship\ai-testing-platform\.venv\Lib\site-packages\pymongo\synchronous\topology.py", line 428, in select_server
    server = self._select_server(
             ^^^^^^^^^^^^^^^^^^^^
  File "C:\Internship\ai-testing-platform\.venv\Lib\site-packages\pymongo\synchronous\topology.py", line 402, in _select_server
    servers = self.select_servers(
              ^^^^^^^^^^^^^^^^^^^^
  File "C:\Internship\ai-testing-platform\.venv\Lib\site-packages\pymongo\synchronous\topology.py", line 298, in select_servers
    server_descriptions = self._select_servers_loop(
                          ^^^^^^^^^^^^^^^^^^^^^^^^^^
  File "C:\Internship\ai-testing-platform\.venv\Lib\site-packages\pymongo\synchronous\topology.py", line 359, in _select_servers_loop
    raise ServerSelectionTimeoutError(
pymongo.errors.ServerSelectionTimeoutError: ac-idvu2ff-shard-00-00.z9yxifc.mongodb.net:27017: [Errno 11001] getaddrinfo failed (configured timeouts: socketTimeoutMS: 20000.0ms, connectTimeoutMS: 20000.0ms),ac-idvu2ff-shard-00-01.z9yxifc.mongodb.net:27017: [Errno 11001] getaddrinfo failed (configured timeouts: socketTimeoutMS: 20000.0ms, connectTimeoutMS: 20000.0ms),ac-idvu2ff-shard-00-02.z9yxifc.mongodb.net:27017: [Errno 11001] getaddrinfo failed (configured timeouts: socketTimeoutMS: 20000.0ms, connectTimeoutMS: 20000.0ms), Timeout: 30s, Topology Description: <TopologyDescription id: 6a1e8534f0ea977cee491f96, topology_type: ReplicaSetNoPrimary, servers: [<ServerDescription ('ac-idvu2ff-shard-00-00.z9yxifc.mongodb.net', 27017) server_type: Unknown, rtt: None, error=AutoReconnect('ac-idvu2ff-shard-00-00.z9yxifc.mongodb.net:27017: [Errno 11001] getaddrinfo failed (configured timeouts: socketTimeoutMS: 20000.0ms, connectTimeoutMS: 20000.0ms)')>, <ServerDescription ('ac-idvu2ff-shard-00-01.z9yxifc.mongodb.net', 27017) server_type: Unknown, rtt: None, error=AutoReconnect('ac-idvu2ff-shard-00-01.z9yxifc.mongodb.net:27017: [Errno 11001] getaddrinfo failed (configured timeouts: socketTimeoutMS: 20000.0ms, connectTimeoutMS: 20000.0ms)')>, <ServerDescription ('ac-idvu2ff-shard-00-02.z9yxifc.mongodb.net', 27017) server_type: Unknown, rtt: None, error=AutoReconnect('ac-idvu2ff-shard-00-02.z9yxifc.mongodb.net:27017: [Errno 11001] getaddrinfo failed (configured timeouts: socketTimeoutMS: 20000.0ms, connectTimeoutMS: 20000.0ms)')>]>
2026-06-02 13:48:53,584 | ERROR | server | - | stuck-run cleanup loop crashed; will retry next interval
Traceback (most recent call last):
  File "C:\Internship\ai-testing-platform\backend\server.py", line 251, in _stuck_run_cleanup_loop
    stuck_records = list(stuck_cursor)
                    ^^^^^^^^^^^^^^^^^^
  File "C:\Internship\ai-testing-platform\.venv\Lib\site-packages\pymongo\synchronous\cursor.py", line 1166, in __next__
    return self.next()
           ^^^^^^^^^^^
  File "C:\Internship\ai-testing-platform\.venv\Lib\site-packages\pymongo\synchronous\cursor.py", line 1142, in next
    if len(self._data) or self._refresh():
                          ^^^^^^^^^^^^^^^
  File "C:\Internship\ai-testing-platform\.venv\Lib\site-packages\pymongo\synchronous\cursor.py", line 1090, in _refresh
    self._send_message(q)
  File "C:\Internship\ai-testing-platform\.venv\Lib\site-packages\pymongo\synchronous\cursor.py", line 985, in _send_message
    response = client._run_operation(
               ^^^^^^^^^^^^^^^^^^^^^^
  File "C:\Internship\ai-testing-platform\.venv\Lib\site-packages\pymongo\_csot.py", line 125, in csot_wrapper
    return func(self, *args, **kwargs)
           ^^^^^^^^^^^^^^^^^^^^^^^^^^^
  File "C:\Internship\ai-testing-platform\.venv\Lib\site-packages\pymongo\synchronous\mongo_client.py", line 1956, in _run_operation
    return self._retryable_read(
           ^^^^^^^^^^^^^^^^^^^^^
  File "C:\Internship\ai-testing-platform\.venv\Lib\site-packages\pymongo\synchronous\mongo_client.py", line 2076, in _retryable_read
    return self._retry_internal(
           ^^^^^^^^^^^^^^^^^^^^^
  File "C:\Internship\ai-testing-platform\.venv\Lib\site-packages\pymongo\_csot.py", line 125, in csot_wrapper
    return func(self, *args, **kwargs)
           ^^^^^^^^^^^^^^^^^^^^^^^^^^^
  File "C:\Internship\ai-testing-platform\.venv\Lib\site-packages\pymongo\synchronous\mongo_client.py", line 2038, in _retry_internal
    ).run()
      ^^^^^
  File "C:\Internship\ai-testing-platform\.venv\Lib\site-packages\pymongo\synchronous\mongo_client.py", line 2811, in run
    res = self._read() if self._is_read else self._write()
          ^^^^^^^^^^^^
  File "C:\Internship\ai-testing-platform\.venv\Lib\site-packages\pymongo\synchronous\mongo_client.py", line 3027, in _read
    self._server = self._get_server()
                   ^^^^^^^^^^^^^^^^^^
  File "C:\Internship\ai-testing-platform\.venv\Lib\site-packages\pymongo\synchronous\mongo_client.py", line 2975, in _get_server
    return self._client._select_server(
           ^^^^^^^^^^^^^^^^^^^^^^^^^^^^
  File "C:\Internship\ai-testing-platform\.venv\Lib\site-packages\pymongo\synchronous\mongo_client.py", line 1851, in _select_server
    server = topology.select_server(
             ^^^^^^^^^^^^^^^^^^^^^^^
  File "C:\Internship\ai-testing-platform\.venv\Lib\site-packages\pymongo\synchronous\topology.py", line 428, in select_server
    server = self._select_server(
             ^^^^^^^^^^^^^^^^^^^^
  File "C:\Internship\ai-testing-platform\.venv\Lib\site-packages\pymongo\synchronous\topology.py", line 402, in _select_server
    servers = self.select_servers(
              ^^^^^^^^^^^^^^^^^^^^
  File "C:\Internship\ai-testing-platform\.venv\Lib\site-packages\pymongo\synchronous\topology.py", line 298, in select_servers
    server_descriptions = self._select_servers_loop(
                          ^^^^^^^^^^^^^^^^^^^^^^^^^^
  File "C:\Internship\ai-testing-platform\.venv\Lib\site-packages\pymongo\synchronous\topology.py", line 359, in _select_servers_loop
    raise ServerSelectionTimeoutError(
pymongo.errors.ServerSelectionTimeoutError: ac-idvu2ff-shard-00-00.z9yxifc.mongodb.net:27017: [Errno 11001] getaddrinfo failed (configured timeouts: socketTimeoutMS: 20000.0ms, connectTimeoutMS: 20000.0ms),ac-idvu2ff-shard-00-01.z9yxifc.mongodb.net:27017: [Errno 11001] getaddrinfo failed (configured timeouts: socketTimeoutMS: 20000.0ms, connectTimeoutMS: 20000.0ms),ac-idvu2ff-shard-00-02.z9yxifc.mongodb.net:27017: [Errno 11001] getaddrinfo failed (configured timeouts: socketTimeoutMS: 20000.0ms, connectTimeoutMS: 20000.0ms), Timeout: 30s, Topology Description: <TopologyDescription id: 6a1e8534f0ea977cee491f96, topology_type: ReplicaSetNoPrimary, servers: [<ServerDescription ('ac-idvu2ff-shard-00-00.z9yxifc.mongodb.net', 27017) server_type: Unknown, rtt: None, error=AutoReconnect('ac-idvu2ff-shard-00-00.z9yxifc.mongodb.net:27017: [Errno 11001] getaddrinfo failed (configured timeouts: socketTimeoutMS: 20000.0ms, connectTimeoutMS: 20000.0ms)')>, <ServerDescription ('ac-idvu2ff-shard-00-01.z9yxifc.mongodb.net', 27017) server_type: Unknown, rtt: None, error=AutoReconnect('ac-idvu2ff-shard-00-01.z9yxifc.mongodb.net:27017: [Errno 11001] getaddrinfo failed (configured timeouts: socketTimeoutMS: 20000.0ms, connectTimeoutMS: 20000.0ms)')>, <ServerDescription ('ac-idvu2ff-shard-00-02.z9yxifc.mongodb.net', 27017) server_type: Unknown, rtt: None, error=AutoReconnect('ac-idvu2ff-shard-00-02.z9yxifc.mongodb.net:27017: [Errno 11001] getaddrinfo failed (configured timeouts: socketTimeoutMS: 20000.0ms, connectTimeoutMS: 20000.0ms)')>]>
2026-06-02 13:50:24,073 | ERROR | server | - | stuck-run cleanup loop crashed; will retry next interval
Traceback (most recent call last):
  File "C:\Internship\ai-testing-platform\backend\server.py", line 251, in _stuck_run_cleanup_loop
    stuck_records = list(stuck_cursor)
                    ^^^^^^^^^^^^^^^^^^
  File "C:\Internship\ai-testing-platform\.venv\Lib\site-packages\pymongo\synchronous\cursor.py", line 1166, in __next__
    return self.next()
           ^^^^^^^^^^^
  File "C:\Internship\ai-testing-platform\.venv\Lib\site-packages\pymongo\synchronous\cursor.py", line 1142, in next
    if len(self._data) or self._refresh():
                          ^^^^^^^^^^^^^^^
  File "C:\Internship\ai-testing-platform\.venv\Lib\site-packages\pymongo\synchronous\cursor.py", line 1090, in _refresh
    self._send_message(q)
  File "C:\Internship\ai-testing-platform\.venv\Lib\site-packages\pymongo\synchronous\cursor.py", line 985, in _send_message
    response = client._run_operation(
               ^^^^^^^^^^^^^^^^^^^^^^
  File "C:\Internship\ai-testing-platform\.venv\Lib\site-packages\pymongo\_csot.py", line 125, in csot_wrapper
    return func(self, *args, **kwargs)
           ^^^^^^^^^^^^^^^^^^^^^^^^^^^
  File "C:\Internship\ai-testing-platform\.venv\Lib\site-packages\pymongo\synchronous\mongo_client.py", line 1956, in _run_operation
    return self._retryable_read(
           ^^^^^^^^^^^^^^^^^^^^^
  File "C:\Internship\ai-testing-platform\.venv\Lib\site-packages\pymongo\synchronous\mongo_client.py", line 2076, in _retryable_read
    return self._retry_internal(
           ^^^^^^^^^^^^^^^^^^^^^
  File "C:\Internship\ai-testing-platform\.venv\Lib\site-packages\pymongo\_csot.py", line 125, in csot_wrapper
    return func(self, *args, **kwargs)
           ^^^^^^^^^^^^^^^^^^^^^^^^^^^
  File "C:\Internship\ai-testing-platform\.venv\Lib\site-packages\pymongo\synchronous\mongo_client.py", line 2038, in _retry_internal
    ).run()
      ^^^^^
  File "C:\Internship\ai-testing-platform\.venv\Lib\site-packages\pymongo\synchronous\mongo_client.py", line 2811, in run
    res = self._read() if self._is_read else self._write()
          ^^^^^^^^^^^^
  File "C:\Internship\ai-testing-platform\.venv\Lib\site-packages\pymongo\synchronous\mongo_client.py", line 3027, in _read
    self._server = self._get_server()
                   ^^^^^^^^^^^^^^^^^^
  File "C:\Internship\ai-testing-platform\.venv\Lib\site-packages\pymongo\synchronous\mongo_client.py", line 2975, in _get_server
    return self._client._select_server(
           ^^^^^^^^^^^^^^^^^^^^^^^^^^^^
  File "C:\Internship\ai-testing-platform\.venv\Lib\site-packages\pymongo\synchronous\mongo_client.py", line 1851, in _select_server
    server = topology.select_server(
             ^^^^^^^^^^^^^^^^^^^^^^^
  File "C:\Internship\ai-testing-platform\.venv\Lib\site-packages\pymongo\synchronous\topology.py", line 428, in select_server
    server = self._select_server(
             ^^^^^^^^^^^^^^^^^^^^
  File "C:\Internship\ai-testing-platform\.venv\Lib\site-packages\pymongo\synchronous\topology.py", line 402, in _select_server
    servers = self.select_servers(
              ^^^^^^^^^^^^^^^^^^^^
  File "C:\Internship\ai-testing-platform\.venv\Lib\site-packages\pymongo\synchronous\topology.py", line 298, in select_servers
    server_descriptions = self._select_servers_loop(
                          ^^^^^^^^^^^^^^^^^^^^^^^^^^
  File "C:\Internship\ai-testing-platform\.venv\Lib\site-packages\pymongo\synchronous\topology.py", line 359, in _select_servers_loop
    raise ServerSelectionTimeoutError(
pymongo.errors.ServerSelectionTimeoutError: ac-idvu2ff-shard-00-00.z9yxifc.mongodb.net:27017: [Errno 11001] getaddrinfo failed (configured timeouts: socketTimeoutMS: 20000.0ms, connectTimeoutMS: 20000.0ms),ac-idvu2ff-shard-00-01.z9yxifc.mongodb.net:27017: [Errno 11001] getaddrinfo failed (configured timeouts: socketTimeoutMS: 20000.0ms, connectTimeoutMS: 20000.0ms),ac-idvu2ff-shard-00-02.z9yxifc.mongodb.net:27017: [Errno 11001] getaddrinfo failed (configured timeouts: socketTimeoutMS: 20000.0ms, connectTimeoutMS: 20000.0ms), Timeout: 30s, Topology Description: <TopologyDescription id: 6a1e8534f0ea977cee491f96, topology_type: ReplicaSetNoPrimary, servers: [<ServerDescription ('ac-idvu2ff-shard-00-00.z9yxifc.mongodb.net', 27017) server_type: Unknown, rtt: None, error=AutoReconnect('ac-idvu2ff-shard-00-00.z9yxifc.mongodb.net:27017: [Errno 11001] getaddrinfo failed (configured timeouts: socketTimeoutMS: 20000.0ms, connectTimeoutMS: 20000.0ms)')>, <ServerDescription ('ac-idvu2ff-shard-00-01.z9yxifc.mongodb.net', 27017) server_type: Unknown, rtt: None, error=AutoReconnect('ac-idvu2ff-shard-00-01.z9yxifc.mongodb.net:27017: [Errno 11001] getaddrinfo failed (configured timeouts: socketTimeoutMS: 20000.0ms, connectTimeoutMS: 20000.0ms)')>, <ServerDescription ('ac-idvu2ff-shard-00-02.z9yxifc.mongodb.net', 27017) server_type: Unknown, rtt: None, error=AutoReconnect('ac-idvu2ff-shard-00-02.z9yxifc.mongodb.net:27017: [Errno 11001] getaddrinfo failed (configured timeouts: socketTimeoutMS: 20000.0ms, connectTimeoutMS: 20000.0ms)')>]>
2026-06-02 13:51:54,280 | ERROR | server | - | stuck-run cleanup loop crashed; will retry next interval
Traceback (most recent call last):
  File "C:\Internship\ai-testing-platform\backend\server.py", line 251, in _stuck_run_cleanup_loop
    stuck_records = list(stuck_cursor)
                    ^^^^^^^^^^^^^^^^^^
  File "C:\Internship\ai-testing-platform\.venv\Lib\site-packages\pymongo\synchronous\cursor.py", line 1166, in __next__
    return self.next()
           ^^^^^^^^^^^
  File "C:\Internship\ai-testing-platform\.venv\Lib\site-packages\pymongo\synchronous\cursor.py", line 1142, in next
    if len(self._data) or self._refresh():
                          ^^^^^^^^^^^^^^^
  File "C:\Internship\ai-testing-platform\.venv\Lib\site-packages\pymongo\synchronous\cursor.py", line 1090, in _refresh
    self._send_message(q)
  File "C:\Internship\ai-testing-platform\.venv\Lib\site-packages\pymongo\synchronous\cursor.py", line 985, in _send_message
    response = client._run_operation(
               ^^^^^^^^^^^^^^^^^^^^^^
  File "C:\Internship\ai-testing-platform\.venv\Lib\site-packages\pymongo\_csot.py", line 125, in csot_wrapper
    return func(self, *args, **kwargs)
           ^^^^^^^^^^^^^^^^^^^^^^^^^^^
  File "C:\Internship\ai-testing-platform\.venv\Lib\site-packages\pymongo\synchronous\mongo_client.py", line 1956, in _run_operation
    return self._retryable_read(
           ^^^^^^^^^^^^^^^^^^^^^
  File "C:\Internship\ai-testing-platform\.venv\Lib\site-packages\pymongo\synchronous\mongo_client.py", line 2076, in _retryable_read
    return self._retry_internal(
           ^^^^^^^^^^^^^^^^^^^^^
  File "C:\Internship\ai-testing-platform\.venv\Lib\site-packages\pymongo\_csot.py", line 125, in csot_wrapper
    return func(self, *args, **kwargs)
           ^^^^^^^^^^^^^^^^^^^^^^^^^^^
  File "C:\Internship\ai-testing-platform\.venv\Lib\site-packages\pymongo\synchronous\mongo_client.py", line 2038, in _retry_internal
    ).run()
      ^^^^^
  File "C:\Internship\ai-testing-platform\.venv\Lib\site-packages\pymongo\synchronous\mongo_client.py", line 2811, in run
    res = self._read() if self._is_read else self._write()
          ^^^^^^^^^^^^
  File "C:\Internship\ai-testing-platform\.venv\Lib\site-packages\pymongo\synchronous\mongo_client.py", line 3027, in _read
    self._server = self._get_server()
                   ^^^^^^^^^^^^^^^^^^
  File "C:\Internship\ai-testing-platform\.venv\Lib\site-packages\pymongo\synchronous\mongo_client.py", line 2975, in _get_server
    return self._client._select_server(
           ^^^^^^^^^^^^^^^^^^^^^^^^^^^^
  File "C:\Internship\ai-testing-platform\.venv\Lib\site-packages\pymongo\synchronous\mongo_client.py", line 1851, in _select_server
    server = topology.select_server(
             ^^^^^^^^^^^^^^^^^^^^^^^
  File "C:\Internship\ai-testing-platform\.venv\Lib\site-packages\pymongo\synchronous\topology.py", line 428, in select_server
    server = self._select_server(
             ^^^^^^^^^^^^^^^^^^^^
  File "C:\Internship\ai-testing-platform\.venv\Lib\site-packages\pymongo\synchronous\topology.py", line 402, in _select_server
    servers = self.select_servers(
              ^^^^^^^^^^^^^^^^^^^^
  File "C:\Internship\ai-testing-platform\.venv\Lib\site-packages\pymongo\synchronous\topology.py", line 298, in select_servers
    server_descriptions = self._select_servers_loop(
                          ^^^^^^^^^^^^^^^^^^^^^^^^^^
  File "C:\Internship\ai-testing-platform\.venv\Lib\site-packages\pymongo\synchronous\topology.py", line 359, in _select_servers_loop
    raise ServerSelectionTimeoutError(
pymongo.errors.ServerSelectionTimeoutError: ac-idvu2ff-shard-00-00.z9yxifc.mongodb.net:27017: [Errno 11001] getaddrinfo failed (configured timeouts: socketTimeoutMS: 20000.0ms, connectTimeoutMS: 20000.0ms),ac-idvu2ff-shard-00-01.z9yxifc.mongodb.net:27017: [Errno 11001] getaddrinfo failed (configured timeouts: socketTimeoutMS: 20000.0ms, connectTimeoutMS: 20000.0ms),ac-idvu2ff-shard-00-02.z9yxifc.mongodb.net:27017: [Errno 11001] getaddrinfo failed (configured timeouts: socketTimeoutMS: 20000.0ms, connectTimeoutMS: 20000.0ms), Timeout: 30s, Topology Description: <TopologyDescription id: 6a1e8534f0ea977cee491f96, topology_type: ReplicaSetNoPrimary, servers: [<ServerDescription ('ac-idvu2ff-shard-00-00.z9yxifc.mongodb.net', 27017) server_type: Unknown, rtt: None, error=AutoReconnect('ac-idvu2ff-shard-00-00.z9yxifc.mongodb.net:27017: [Errno 11001] getaddrinfo failed (configured timeouts: socketTimeoutMS: 20000.0ms, connectTimeoutMS: 20000.0ms)')>, <ServerDescription ('ac-idvu2ff-shard-00-01.z9yxifc.mongodb.net', 27017) server_type: Unknown, rtt: None, error=AutoReconnect('ac-idvu2ff-shard-00-01.z9yxifc.mongodb.net:27017: [Errno 11001] getaddrinfo failed (configured timeouts: socketTimeoutMS: 20000.0ms, connectTimeoutMS: 20000.0ms)')>, <ServerDescription ('ac-idvu2ff-shard-00-02.z9yxifc.mongodb.net', 27017) server_type: Unknown, rtt: None, error=AutoReconnect('ac-idvu2ff-shard-00-02.z9yxifc.mongodb.net:27017: [Errno 11001] getaddrinfo failed (configured timeouts: socketTimeoutMS: 20000.0ms, connectTimeoutMS: 20000.0ms)')>]>
2026-06-02 13:53:24,371 | ERROR | server | - | stuck-run cleanup loop crashed; will retry next interval
Traceback (most recent call last):
  File "C:\Internship\ai-testing-platform\backend\server.py", line 251, in _stuck_run_cleanup_loop
    stuck_records = list(stuck_cursor)
                    ^^^^^^^^^^^^^^^^^^
  File "C:\Internship\ai-testing-platform\.venv\Lib\site-packages\pymongo\synchronous\cursor.py", line 1166, in __next__
    return self.next()
           ^^^^^^^^^^^
  File "C:\Internship\ai-testing-platform\.venv\Lib\site-packages\pymongo\synchronous\cursor.py", line 1142, in next
    if len(self._data) or self._refresh():
                          ^^^^^^^^^^^^^^^
  File "C:\Internship\ai-testing-platform\.venv\Lib\site-packages\pymongo\synchronous\cursor.py", line 1090, in _refresh
    self._send_message(q)
  File "C:\Internship\ai-testing-platform\.venv\Lib\site-packages\pymongo\synchronous\cursor.py", line 985, in _send_message
    response = client._run_operation(
               ^^^^^^^^^^^^^^^^^^^^^^
  File "C:\Internship\ai-testing-platform\.venv\Lib\site-packages\pymongo\_csot.py", line 125, in csot_wrapper
    return func(self, *args, **kwargs)
           ^^^^^^^^^^^^^^^^^^^^^^^^^^^
  File "C:\Internship\ai-testing-platform\.venv\Lib\site-packages\pymongo\synchronous\mongo_client.py", line 1956, in _run_operation
    return self._retryable_read(
           ^^^^^^^^^^^^^^^^^^^^^
  File "C:\Internship\ai-testing-platform\.venv\Lib\site-packages\pymongo\synchronous\mongo_client.py", line 2076, in _retryable_read
    return self._retry_internal(
           ^^^^^^^^^^^^^^^^^^^^^
  File "C:\Internship\ai-testing-platform\.venv\Lib\site-packages\pymongo\_csot.py", line 125, in csot_wrapper
    return func(self, *args, **kwargs)
           ^^^^^^^^^^^^^^^^^^^^^^^^^^^
  File "C:\Internship\ai-testing-platform\.venv\Lib\site-packages\pymongo\synchronous\mongo_client.py", line 2038, in _retry_internal
    ).run()
      ^^^^^
  File "C:\Internship\ai-testing-platform\.venv\Lib\site-packages\pymongo\synchronous\mongo_client.py", line 2811, in run
    res = self._read() if self._is_read else self._write()
          ^^^^^^^^^^^^
  File "C:\Internship\ai-testing-platform\.venv\Lib\site-packages\pymongo\synchronous\mongo_client.py", line 3027, in _read
    self._server = self._get_server()
                   ^^^^^^^^^^^^^^^^^^
  File "C:\Internship\ai-testing-platform\.venv\Lib\site-packages\pymongo\synchronous\mongo_client.py", line 2975, in _get_server
    return self._client._select_server(
           ^^^^^^^^^^^^^^^^^^^^^^^^^^^^
  File "C:\Internship\ai-testing-platform\.venv\Lib\site-packages\pymongo\synchronous\mongo_client.py", line 1851, in _select_server
    server = topology.select_server(
             ^^^^^^^^^^^^^^^^^^^^^^^
  File "C:\Internship\ai-testing-platform\.venv\Lib\site-packages\pymongo\synchronous\topology.py", line 428, in select_server
    server = self._select_server(
             ^^^^^^^^^^^^^^^^^^^^
  File "C:\Internship\ai-testing-platform\.venv\Lib\site-packages\pymongo\synchronous\topology.py", line 402, in _select_server
    servers = self.select_servers(
              ^^^^^^^^^^^^^^^^^^^^
  File "C:\Internship\ai-testing-platform\.venv\Lib\site-packages\pymongo\synchronous\topology.py", line 298, in select_servers
    server_descriptions = self._select_servers_loop(
                          ^^^^^^^^^^^^^^^^^^^^^^^^^^
  File "C:\Internship\ai-testing-platform\.venv\Lib\site-packages\pymongo\synchronous\topology.py", line 359, in _select_servers_loop
    raise ServerSelectionTimeoutError(
pymongo.errors.ServerSelectionTimeoutError: ac-idvu2ff-shard-00-00.z9yxifc.mongodb.net:27017: [Errno 11001] getaddrinfo failed (configured timeouts: socketTimeoutMS: 20000.0ms, connectTimeoutMS: 20000.0ms),ac-idvu2ff-shard-00-01.z9yxifc.mongodb.net:27017: [Errno 11001] getaddrinfo failed (configured timeouts: socketTimeoutMS: 20000.0ms, connectTimeoutMS: 20000.0ms),ac-idvu2ff-shard-00-02.z9yxifc.mongodb.net:27017: [Errno 11001] getaddrinfo failed (configured timeouts: socketTimeoutMS: 20000.0ms, connectTimeoutMS: 20000.0ms), Timeout: 30s, Topology Description: <TopologyDescription id: 6a1e8534f0ea977cee491f96, topology_type: ReplicaSetNoPrimary, servers: [<ServerDescription ('ac-idvu2ff-shard-00-00.z9yxifc.mongodb.net', 27017) server_type: Unknown, rtt: None, error=AutoReconnect('ac-idvu2ff-shard-00-00.z9yxifc.mongodb.net:27017: [Errno 11001] getaddrinfo failed (configured timeouts: socketTimeoutMS: 20000.0ms, connectTimeoutMS: 20000.0ms)')>, <ServerDescription ('ac-idvu2ff-shard-00-01.z9yxifc.mongodb.net', 27017) server_type: Unknown, rtt: None, error=AutoReconnect('ac-idvu2ff-shard-00-01.z9yxifc.mongodb.net:27017: [Errno 11001] getaddrinfo failed (configured timeouts: socketTimeoutMS: 20000.0ms, connectTimeoutMS: 20000.0ms)')>, <ServerDescription ('ac-idvu2ff-shard-00-02.z9yxifc.mongodb.net', 27017) server_type: Unknown, rtt: None, error=AutoReconnect('ac-idvu2ff-shard-00-02.z9yxifc.mongodb.net:27017: [Errno 11001] getaddrinfo failed (configured timeouts: socketTimeoutMS: 20000.0ms, connectTimeoutMS: 20000.0ms)')>]>
2026-06-02 13:54:54,753 | ERROR | server | - | stuck-run cleanup loop crashed; will retry next interval
Traceback (most recent call last):
  File "C:\Internship\ai-testing-platform\backend\server.py", line 251, in _stuck_run_cleanup_loop
    stuck_records = list(stuck_cursor)
                    ^^^^^^^^^^^^^^^^^^
  File "C:\Internship\ai-testing-platform\.venv\Lib\site-packages\pymongo\synchronous\cursor.py", line 1166, in __next__
    return self.next()
           ^^^^^^^^^^^
  File "C:\Internship\ai-testing-platform\.venv\Lib\site-packages\pymongo\synchronous\cursor.py", line 1142, in next
    if len(self._data) or self._refresh():
                          ^^^^^^^^^^^^^^^
  File "C:\Internship\ai-testing-platform\.venv\Lib\site-packages\pymongo\synchronous\cursor.py", line 1090, in _refresh
    self._send_message(q)
  File "C:\Internship\ai-testing-platform\.venv\Lib\site-packages\pymongo\synchronous\cursor.py", line 985, in _send_message
    response = client._run_operation(
               ^^^^^^^^^^^^^^^^^^^^^^
  File "C:\Internship\ai-testing-platform\.venv\Lib\site-packages\pymongo\_csot.py", line 125, in csot_wrapper
    return func(self, *args, **kwargs)
           ^^^^^^^^^^^^^^^^^^^^^^^^^^^
  File "C:\Internship\ai-testing-platform\.venv\Lib\site-packages\pymongo\synchronous\mongo_client.py", line 1956, in _run_operation
    return self._retryable_read(
           ^^^^^^^^^^^^^^^^^^^^^
  File "C:\Internship\ai-testing-platform\.venv\Lib\site-packages\pymongo\synchronous\mongo_client.py", line 2076, in _retryable_read
    return self._retry_internal(
           ^^^^^^^^^^^^^^^^^^^^^
  File "C:\Internship\ai-testing-platform\.venv\Lib\site-packages\pymongo\_csot.py", line 125, in csot_wrapper
    return func(self, *args, **kwargs)
           ^^^^^^^^^^^^^^^^^^^^^^^^^^^
  File "C:\Internship\ai-testing-platform\.venv\Lib\site-packages\pymongo\synchronous\mongo_client.py", line 2038, in _retry_internal
    ).run()
      ^^^^^
  File "C:\Internship\ai-testing-platform\.venv\Lib\site-packages\pymongo\synchronous\mongo_client.py", line 2811, in run
    res = self._read() if self._is_read else self._write()
          ^^^^^^^^^^^^
  File "C:\Internship\ai-testing-platform\.venv\Lib\site-packages\pymongo\synchronous\mongo_client.py", line 3027, in _read
    self._server = self._get_server()
                   ^^^^^^^^^^^^^^^^^^
  File "C:\Internship\ai-testing-platform\.venv\Lib\site-packages\pymongo\synchronous\mongo_client.py", line 2975, in _get_server
    return self._client._select_server(
           ^^^^^^^^^^^^^^^^^^^^^^^^^^^^
  File "C:\Internship\ai-testing-platform\.venv\Lib\site-packages\pymongo\synchronous\mongo_client.py", line 1851, in _select_server
    server = topology.select_server(
             ^^^^^^^^^^^^^^^^^^^^^^^
  File "C:\Internship\ai-testing-platform\.venv\Lib\site-packages\pymongo\synchronous\topology.py", line 428, in select_server
    server = self._select_server(
             ^^^^^^^^^^^^^^^^^^^^
  File "C:\Internship\ai-testing-platform\.venv\Lib\site-packages\pymongo\synchronous\topology.py", line 402, in _select_server
    servers = self.select_servers(
              ^^^^^^^^^^^^^^^^^^^^
  File "C:\Internship\ai-testing-platform\.venv\Lib\site-packages\pymongo\synchronous\topology.py", line 298, in select_servers
    server_descriptions = self._select_servers_loop(
                          ^^^^^^^^^^^^^^^^^^^^^^^^^^
  File "C:\Internship\ai-testing-platform\.venv\Lib\site-packages\pymongo\synchronous\topology.py", line 359, in _select_servers_loop
    raise ServerSelectionTimeoutError(
pymongo.errors.ServerSelectionTimeoutError: ac-idvu2ff-shard-00-00.z9yxifc.mongodb.net:27017: [Errno 11001] getaddrinfo failed (configured timeouts: socketTimeoutMS: 20000.0ms, connectTimeoutMS: 20000.0ms),ac-idvu2ff-shard-00-01.z9yxifc.mongodb.net:27017: [Errno 11001] getaddrinfo failed (configured timeouts: socketTimeoutMS: 20000.0ms, connectTimeoutMS: 20000.0ms),ac-idvu2ff-shard-00-02.z9yxifc.mongodb.net:27017: [Errno 11001] getaddrinfo failed (configured timeouts: socketTimeoutMS: 20000.0ms, connectTimeoutMS: 20000.0ms), Timeout: 30s, Topology Description: <TopologyDescription id: 6a1e8534f0ea977cee491f96, topology_type: ReplicaSetNoPrimary, servers: [<ServerDescription ('ac-idvu2ff-shard-00-00.z9yxifc.mongodb.net', 27017) server_type: Unknown, rtt: None, error=AutoReconnect('ac-idvu2ff-shard-00-00.z9yxifc.mongodb.net:27017: [Errno 11001] getaddrinfo failed (configured timeouts: socketTimeoutMS: 20000.0ms, connectTimeoutMS: 20000.0ms)')>, <ServerDescription ('ac-idvu2ff-shard-00-01.z9yxifc.mongodb.net', 27017) server_type: Unknown, rtt: None, error=AutoReconnect('ac-idvu2ff-shard-00-01.z9yxifc.mongodb.net:27017: [Errno 11001] getaddrinfo failed (configured timeouts: socketTimeoutMS: 20000.0ms, connectTimeoutMS: 20000.0ms)')>, <ServerDescription ('ac-idvu2ff-shard-00-02.z9yxifc.mongodb.net', 27017) server_type: Unknown, rtt: None, error=AutoReconnect('ac-idvu2ff-shard-00-02.z9yxifc.mongodb.net:27017: [Errno 11001] getaddrinfo failed (configured timeouts: socketTimeoutMS: 20000.0ms, connectTimeoutMS: 20000.0ms)')>]>
2026-06-02 13:56:25,105 | ERROR | server | - | stuck-run cleanup loop crashed; will retry next interval
Traceback (most recent call last):
  File "C:\Internship\ai-testing-platform\backend\server.py", line 251, in _stuck_run_cleanup_loop
    stuck_records = list(stuck_cursor)
                    ^^^^^^^^^^^^^^^^^^
  File "C:\Internship\ai-testing-platform\.venv\Lib\site-packages\pymongo\synchronous\cursor.py", line 1166, in __next__
    return self.next()
           ^^^^^^^^^^^
  File "C:\Internship\ai-testing-platform\.venv\Lib\site-packages\pymongo\synchronous\cursor.py", line 1142, in next
    if len(self._data) or self._refresh():
                          ^^^^^^^^^^^^^^^
  File "C:\Internship\ai-testing-platform\.venv\Lib\site-packages\pymongo\synchronous\cursor.py", line 1090, in _refresh
    self._send_message(q)
  File "C:\Internship\ai-testing-platform\.venv\Lib\site-packages\pymongo\synchronous\cursor.py", line 985, in _send_message
    response = client._run_operation(
               ^^^^^^^^^^^^^^^^^^^^^^
  File "C:\Internship\ai-testing-platform\.venv\Lib\site-packages\pymongo\_csot.py", line 125, in csot_wrapper
    return func(self, *args, **kwargs)
           ^^^^^^^^^^^^^^^^^^^^^^^^^^^
  File "C:\Internship\ai-testing-platform\.venv\Lib\site-packages\pymongo\synchronous\mongo_client.py", line 1956, in _run_operation
    return self._retryable_read(
           ^^^^^^^^^^^^^^^^^^^^^
  File "C:\Internship\ai-testing-platform\.venv\Lib\site-packages\pymongo\synchronous\mongo_client.py", line 2076, in _retryable_read
    return self._retry_internal(
           ^^^^^^^^^^^^^^^^^^^^^
  File "C:\Internship\ai-testing-platform\.venv\Lib\site-packages\pymongo\_csot.py", line 125, in csot_wrapper
    return func(self, *args, **kwargs)
           ^^^^^^^^^^^^^^^^^^^^^^^^^^^
  File "C:\Internship\ai-testing-platform\.venv\Lib\site-packages\pymongo\synchronous\mongo_client.py", line 2038, in _retry_internal
    ).run()
      ^^^^^
  File "C:\Internship\ai-testing-platform\.venv\Lib\site-packages\pymongo\synchronous\mongo_client.py", line 2811, in run
    res = self._read() if self._is_read else self._write()
          ^^^^^^^^^^^^
  File "C:\Internship\ai-testing-platform\.venv\Lib\site-packages\pymongo\synchronous\mongo_client.py", line 3027, in _read
    self._server = self._get_server()
                   ^^^^^^^^^^^^^^^^^^
  File "C:\Internship\ai-testing-platform\.venv\Lib\site-packages\pymongo\synchronous\mongo_client.py", line 2975, in _get_server
    return self._client._select_server(
           ^^^^^^^^^^^^^^^^^^^^^^^^^^^^
  File "C:\Internship\ai-testing-platform\.venv\Lib\site-packages\pymongo\synchronous\mongo_client.py", line 1851, in _select_server
    server = topology.select_server(
             ^^^^^^^^^^^^^^^^^^^^^^^
  File "C:\Internship\ai-testing-platform\.venv\Lib\site-packages\pymongo\synchronous\topology.py", line 428, in select_server
    server = self._select_server(
             ^^^^^^^^^^^^^^^^^^^^
  File "C:\Internship\ai-testing-platform\.venv\Lib\site-packages\pymongo\synchronous\topology.py", line 402, in _select_server
    servers = self.select_servers(
              ^^^^^^^^^^^^^^^^^^^^
  File "C:\Internship\ai-testing-platform\.venv\Lib\site-packages\pymongo\synchronous\topology.py", line 298, in select_servers
    server_descriptions = self._select_servers_loop(
                          ^^^^^^^^^^^^^^^^^^^^^^^^^^
  File "C:\Internship\ai-testing-platform\.venv\Lib\site-packages\pymongo\synchronous\topology.py", line 359, in _select_servers_loop
    raise ServerSelectionTimeoutError(
pymongo.errors.ServerSelectionTimeoutError: ac-idvu2ff-shard-00-00.z9yxifc.mongodb.net:27017: [Errno 11001] getaddrinfo failed (configured timeouts: socketTimeoutMS: 20000.0ms, connectTimeoutMS: 20000.0ms),ac-idvu2ff-shard-00-01.z9yxifc.mongodb.net:27017: [Errno 11001] getaddrinfo failed (configured timeouts: socketTimeoutMS: 20000.0ms, connectTimeoutMS: 20000.0ms),ac-idvu2ff-shard-00-02.z9yxifc.mongodb.net:27017: [Errno 11001] getaddrinfo failed (configured timeouts: socketTimeoutMS: 20000.0ms, connectTimeoutMS: 20000.0ms), Timeout: 30s, Topology Description: <TopologyDescription id: 6a1e8534f0ea977cee491f96, topology_type: ReplicaSetNoPrimary, servers: [<ServerDescription ('ac-idvu2ff-shard-00-00.z9yxifc.mongodb.net', 27017) server_type: Unknown, rtt: None, error=AutoReconnect('ac-idvu2ff-shard-00-00.z9yxifc.mongodb.net:27017: [Errno 11001] getaddrinfo failed (configured timeouts: socketTimeoutMS: 20000.0ms, connectTimeoutMS: 20000.0ms)')>, <ServerDescription ('ac-idvu2ff-shard-00-01.z9yxifc.mongodb.net', 27017) server_type: Unknown, rtt: None, error=AutoReconnect('ac-idvu2ff-shard-00-01.z9yxifc.mongodb.net:27017: [Errno 11001] getaddrinfo failed (configured timeouts: socketTimeoutMS: 20000.0ms, connectTimeoutMS: 20000.0ms)')>, <ServerDescription ('ac-idvu2ff-shard-00-02.z9yxifc.mongodb.net', 27017) server_type: Unknown, rtt: None, error=AutoReconnect('ac-idvu2ff-shard-00-02.z9yxifc.mongodb.net:27017: [Errno 11001] getaddrinfo failed (configured timeouts: socketTimeoutMS: 20000.0ms, connectTimeoutMS: 20000.0ms)')>]>
2026-06-02 13:57:55,574 | ERROR | server | - | stuck-run cleanup loop crashed; will retry next interval
Traceback (most recent call last):
  File "C:\Internship\ai-testing-platform\backend\server.py", line 251, in _stuck_run_cleanup_loop
    stuck_records = list(stuck_cursor)
                    ^^^^^^^^^^^^^^^^^^
  File "C:\Internship\ai-testing-platform\.venv\Lib\site-packages\pymongo\synchronous\cursor.py", line 1166, in __next__
    return self.next()
           ^^^^^^^^^^^
  File "C:\Internship\ai-testing-platform\.venv\Lib\site-packages\pymongo\synchronous\cursor.py", line 1142, in next
    if len(self._data) or self._refresh():
                          ^^^^^^^^^^^^^^^
  File "C:\Internship\ai-testing-platform\.venv\Lib\site-packages\pymongo\synchronous\cursor.py", line 1090, in _refresh
    self._send_message(q)
  File "C:\Internship\ai-testing-platform\.venv\Lib\site-packages\pymongo\synchronous\cursor.py", line 985, in _send_message
    response = client._run_operation(
               ^^^^^^^^^^^^^^^^^^^^^^
  File "C:\Internship\ai-testing-platform\.venv\Lib\site-packages\pymongo\_csot.py", line 125, in csot_wrapper
    return func(self, *args, **kwargs)
           ^^^^^^^^^^^^^^^^^^^^^^^^^^^
  File "C:\Internship\ai-testing-platform\.venv\Lib\site-packages\pymongo\synchronous\mongo_client.py", line 1956, in _run_operation
    return self._retryable_read(
           ^^^^^^^^^^^^^^^^^^^^^
  File "C:\Internship\ai-testing-platform\.venv\Lib\site-packages\pymongo\synchronous\mongo_client.py", line 2076, in _retryable_read
    return self._retry_internal(
           ^^^^^^^^^^^^^^^^^^^^^
  File "C:\Internship\ai-testing-platform\.venv\Lib\site-packages\pymongo\_csot.py", line 125, in csot_wrapper
    return func(self, *args, **kwargs)
           ^^^^^^^^^^^^^^^^^^^^^^^^^^^
  File "C:\Internship\ai-testing-platform\.venv\Lib\site-packages\pymongo\synchronous\mongo_client.py", line 2038, in _retry_internal
    ).run()
      ^^^^^
  File "C:\Internship\ai-testing-platform\.venv\Lib\site-packages\pymongo\synchronous\mongo_client.py", line 2811, in run
    res = self._read() if self._is_read else self._write()
          ^^^^^^^^^^^^
  File "C:\Internship\ai-testing-platform\.venv\Lib\site-packages\pymongo\synchronous\mongo_client.py", line 3027, in _read
    self._server = self._get_server()
                   ^^^^^^^^^^^^^^^^^^
  File "C:\Internship\ai-testing-platform\.venv\Lib\site-packages\pymongo\synchronous\mongo_client.py", line 2975, in _get_server
    return self._client._select_server(
           ^^^^^^^^^^^^^^^^^^^^^^^^^^^^
  File "C:\Internship\ai-testing-platform\.venv\Lib\site-packages\pymongo\synchronous\mongo_client.py", line 1851, in _select_server
    server = topology.select_server(
             ^^^^^^^^^^^^^^^^^^^^^^^
  File "C:\Internship\ai-testing-platform\.venv\Lib\site-packages\pymongo\synchronous\topology.py", line 428, in select_server
    server = self._select_server(
             ^^^^^^^^^^^^^^^^^^^^
  File "C:\Internship\ai-testing-platform\.venv\Lib\site-packages\pymongo\synchronous\topology.py", line 402, in _select_server
    servers = self.select_servers(
              ^^^^^^^^^^^^^^^^^^^^
  File "C:\Internship\ai-testing-platform\.venv\Lib\site-packages\pymongo\synchronous\topology.py", line 298, in select_servers
    server_descriptions = self._select_servers_loop(
                          ^^^^^^^^^^^^^^^^^^^^^^^^^^
  File "C:\Internship\ai-testing-platform\.venv\Lib\site-packages\pymongo\synchronous\topology.py", line 359, in _select_servers_loop
    raise ServerSelectionTimeoutError(
pymongo.errors.ServerSelectionTimeoutError: ac-idvu2ff-shard-00-00.z9yxifc.mongodb.net:27017: [Errno 11001] getaddrinfo failed (configured timeouts: socketTimeoutMS: 20000.0ms, connectTimeoutMS: 20000.0ms),ac-idvu2ff-shard-00-01.z9yxifc.mongodb.net:27017: [Errno 11001] getaddrinfo failed (configured timeouts: socketTimeoutMS: 20000.0ms, connectTimeoutMS: 20000.0ms),ac-idvu2ff-shard-00-02.z9yxifc.mongodb.net:27017: [Errno 11001] getaddrinfo failed (configured timeouts: socketTimeoutMS: 20000.0ms, connectTimeoutMS: 20000.0ms), Timeout: 30s, Topology Description: <TopologyDescription id: 6a1e8534f0ea977cee491f96, topology_type: ReplicaSetNoPrimary, servers: [<ServerDescription ('ac-idvu2ff-shard-00-00.z9yxifc.mongodb.net', 27017) server_type: Unknown, rtt: None, error=AutoReconnect('ac-idvu2ff-shard-00-00.z9yxifc.mongodb.net:27017: [Errno 11001] getaddrinfo failed (configured timeouts: socketTimeoutMS: 20000.0ms, connectTimeoutMS: 20000.0ms)')>, <ServerDescription ('ac-idvu2ff-shard-00-01.z9yxifc.mongodb.net', 27017) server_type: Unknown, rtt: None, error=AutoReconnect('ac-idvu2ff-shard-00-01.z9yxifc.mongodb.net:27017: [Errno 11001] getaddrinfo failed (configured timeouts: socketTimeoutMS: 20000.0ms, connectTimeoutMS: 20000.0ms)')>, <ServerDescription ('ac-idvu2ff-shard-00-02.z9yxifc.mongodb.net', 27017) server_type: Unknown, rtt: None, error=AutoReconnect('ac-idvu2ff-shard-00-02.z9yxifc.mongodb.net:27017: [Errno 11001] getaddrinfo failed (configured timeouts: socketTimeoutMS: 20000.0ms, connectTimeoutMS: 20000.0ms)')>]>
2026-06-02 13:59:25,809 | ERROR | server | - | stuck-run cleanup loop crashed; will retry next interval
Traceback (most recent call last):
  File "C:\Internship\ai-testing-platform\backend\server.py", line 251, in _stuck_run_cleanup_loop
    stuck_records = list(stuck_cursor)
                    ^^^^^^^^^^^^^^^^^^
  File "C:\Internship\ai-testing-platform\.venv\Lib\site-packages\pymongo\synchronous\cursor.py", line 1166, in __next__
    return self.next()
           ^^^^^^^^^^^
  File "C:\Internship\ai-testing-platform\.venv\Lib\site-packages\pymongo\synchronous\cursor.py", line 1142, in next
    if len(self._data) or self._refresh():
                          ^^^^^^^^^^^^^^^
  File "C:\Internship\ai-testing-platform\.venv\Lib\site-packages\pymongo\synchronous\cursor.py", line 1090, in _refresh
    self._send_message(q)
  File "C:\Internship\ai-testing-platform\.venv\Lib\site-packages\pymongo\synchronous\cursor.py", line 985, in _send_message
    response = client._run_operation(
               ^^^^^^^^^^^^^^^^^^^^^^
  File "C:\Internship\ai-testing-platform\.venv\Lib\site-packages\pymongo\_csot.py", line 125, in csot_wrapper
    return func(self, *args, **kwargs)
           ^^^^^^^^^^^^^^^^^^^^^^^^^^^
  File "C:\Internship\ai-testing-platform\.venv\Lib\site-packages\pymongo\synchronous\mongo_client.py", line 1956, in _run_operation
    return self._retryable_read(
           ^^^^^^^^^^^^^^^^^^^^^
  File "C:\Internship\ai-testing-platform\.venv\Lib\site-packages\pymongo\synchronous\mongo_client.py", line 2076, in _retryable_read
    return self._retry_internal(
           ^^^^^^^^^^^^^^^^^^^^^
  File "C:\Internship\ai-testing-platform\.venv\Lib\site-packages\pymongo\_csot.py", line 125, in csot_wrapper
    return func(self, *args, **kwargs)
           ^^^^^^^^^^^^^^^^^^^^^^^^^^^
  File "C:\Internship\ai-testing-platform\.venv\Lib\site-packages\pymongo\synchronous\mongo_client.py", line 2038, in _retry_internal
    ).run()
      ^^^^^
  File "C:\Internship\ai-testing-platform\.venv\Lib\site-packages\pymongo\synchronous\mongo_client.py", line 2811, in run
    res = self._read() if self._is_read else self._write()
          ^^^^^^^^^^^^
  File "C:\Internship\ai-testing-platform\.venv\Lib\site-packages\pymongo\synchronous\mongo_client.py", line 3027, in _read
    self._server = self._get_server()
                   ^^^^^^^^^^^^^^^^^^
  File "C:\Internship\ai-testing-platform\.venv\Lib\site-packages\pymongo\synchronous\mongo_client.py", line 2975, in _get_server
    return self._client._select_server(
           ^^^^^^^^^^^^^^^^^^^^^^^^^^^^
  File "C:\Internship\ai-testing-platform\.venv\Lib\site-packages\pymongo\synchronous\mongo_client.py", line 1851, in _select_server
    server = topology.select_server(
             ^^^^^^^^^^^^^^^^^^^^^^^
  File "C:\Internship\ai-testing-platform\.venv\Lib\site-packages\pymongo\synchronous\topology.py", line 428, in select_server
    server = self._select_server(
             ^^^^^^^^^^^^^^^^^^^^
  File "C:\Internship\ai-testing-platform\.venv\Lib\site-packages\pymongo\synchronous\topology.py", line 402, in _select_server
    servers = self.select_servers(
              ^^^^^^^^^^^^^^^^^^^^
  File "C:\Internship\ai-testing-platform\.venv\Lib\site-packages\pymongo\synchronous\topology.py", line 298, in select_servers
    server_descriptions = self._select_servers_loop(
                          ^^^^^^^^^^^^^^^^^^^^^^^^^^
  File "C:\Internship\ai-testing-platform\.venv\Lib\site-packages\pymongo\synchronous\topology.py", line 359, in _select_servers_loop
    raise ServerSelectionTimeoutError(
pymongo.errors.ServerSelectionTimeoutError: ac-idvu2ff-shard-00-00.z9yxifc.mongodb.net:27017: [Errno 11001] getaddrinfo failed (configured timeouts: socketTimeoutMS: 20000.0ms, connectTimeoutMS: 20000.0ms),ac-idvu2ff-shard-00-01.z9yxifc.mongodb.net:27017: [Errno 11001] getaddrinfo failed (configured timeouts: socketTimeoutMS: 20000.0ms, connectTimeoutMS: 20000.0ms),ac-idvu2ff-shard-00-02.z9yxifc.mongodb.net:27017: [Errno 11001] getaddrinfo failed (configured timeouts: socketTimeoutMS: 20000.0ms, connectTimeoutMS: 20000.0ms), Timeout: 30s, Topology Description: <TopologyDescription id: 6a1e8534f0ea977cee491f96, topology_type: ReplicaSetNoPrimary, servers: [<ServerDescription ('ac-idvu2ff-shard-00-00.z9yxifc.mongodb.net', 27017) server_type: Unknown, rtt: None, error=AutoReconnect('ac-idvu2ff-shard-00-00.z9yxifc.mongodb.net:27017: [Errno 11001] getaddrinfo failed (configured timeouts: socketTimeoutMS: 20000.0ms, connectTimeoutMS: 20000.0ms)')>, <ServerDescription ('ac-idvu2ff-shard-00-01.z9yxifc.mongodb.net', 27017) server_type: Unknown, rtt: None, error=AutoReconnect('ac-idvu2ff-shard-00-01.z9yxifc.mongodb.net:27017: [Errno 11001] getaddrinfo failed (configured timeouts: socketTimeoutMS: 20000.0ms, connectTimeoutMS: 20000.0ms)')>, <ServerDescription ('ac-idvu2ff-shard-00-02.z9yxifc.mongodb.net', 27017) server_type: Unknown, rtt: None, error=AutoReconnect('ac-idvu2ff-shard-00-02.z9yxifc.mongodb.net:27017: [Errno 11001] getaddrinfo failed (configured timeouts: socketTimeoutMS: 20000.0ms, connectTimeoutMS: 20000.0ms)')>]>
2026-06-02 14:00:56,120 | ERROR | server | - | stuck-run cleanup loop crashed; will retry next interval
Traceback (most recent call last):
  File "C:\Internship\ai-testing-platform\backend\server.py", line 251, in _stuck_run_cleanup_loop
    stuck_records = list(stuck_cursor)
                    ^^^^^^^^^^^^^^^^^^
  File "C:\Internship\ai-testing-platform\.venv\Lib\site-packages\pymongo\synchronous\cursor.py", line 1166, in __next__
    return self.next()
           ^^^^^^^^^^^
  File "C:\Internship\ai-testing-platform\.venv\Lib\site-packages\pymongo\synchronous\cursor.py", line 1142, in next
    if len(self._data) or self._refresh():
                          ^^^^^^^^^^^^^^^
  File "C:\Internship\ai-testing-platform\.venv\Lib\site-packages\pymongo\synchronous\cursor.py", line 1090, in _refresh
    self._send_message(q)
  File "C:\Internship\ai-testing-platform\.venv\Lib\site-packages\pymongo\synchronous\cursor.py", line 985, in _send_message
    response = client._run_operation(
               ^^^^^^^^^^^^^^^^^^^^^^
  File "C:\Internship\ai-testing-platform\.venv\Lib\site-packages\pymongo\_csot.py", line 125, in csot_wrapper
    return func(self, *args, **kwargs)
           ^^^^^^^^^^^^^^^^^^^^^^^^^^^
  File "C:\Internship\ai-testing-platform\.venv\Lib\site-packages\pymongo\synchronous\mongo_client.py", line 1956, in _run_operation
    return self._retryable_read(
           ^^^^^^^^^^^^^^^^^^^^^
  File "C:\Internship\ai-testing-platform\.venv\Lib\site-packages\pymongo\synchronous\mongo_client.py", line 2076, in _retryable_read
    return self._retry_internal(
           ^^^^^^^^^^^^^^^^^^^^^
  File "C:\Internship\ai-testing-platform\.venv\Lib\site-packages\pymongo\_csot.py", line 125, in csot_wrapper
    return func(self, *args, **kwargs)
           ^^^^^^^^^^^^^^^^^^^^^^^^^^^
  File "C:\Internship\ai-testing-platform\.venv\Lib\site-packages\pymongo\synchronous\mongo_client.py", line 2038, in _retry_internal
    ).run()
      ^^^^^
  File "C:\Internship\ai-testing-platform\.venv\Lib\site-packages\pymongo\synchronous\mongo_client.py", line 2811, in run
    res = self._read() if self._is_read else self._write()
          ^^^^^^^^^^^^
  File "C:\Internship\ai-testing-platform\.venv\Lib\site-packages\pymongo\synchronous\mongo_client.py", line 3027, in _read
    self._server = self._get_server()
                   ^^^^^^^^^^^^^^^^^^
  File "C:\Internship\ai-testing-platform\.venv\Lib\site-packages\pymongo\synchronous\mongo_client.py", line 2975, in _get_server
    return self._client._select_server(
           ^^^^^^^^^^^^^^^^^^^^^^^^^^^^
  File "C:\Internship\ai-testing-platform\.venv\Lib\site-packages\pymongo\synchronous\mongo_client.py", line 1851, in _select_server
    server = topology.select_server(
             ^^^^^^^^^^^^^^^^^^^^^^^
  File "C:\Internship\ai-testing-platform\.venv\Lib\site-packages\pymongo\synchronous\topology.py", line 428, in select_server
    server = self._select_server(
             ^^^^^^^^^^^^^^^^^^^^
  File "C:\Internship\ai-testing-platform\.venv\Lib\site-packages\pymongo\synchronous\topology.py", line 402, in _select_server
    servers = self.select_servers(
              ^^^^^^^^^^^^^^^^^^^^
  File "C:\Internship\ai-testing-platform\.venv\Lib\site-packages\pymongo\synchronous\topology.py", line 298, in select_servers
    server_descriptions = self._select_servers_loop(
                          ^^^^^^^^^^^^^^^^^^^^^^^^^^
  File "C:\Internship\ai-testing-platform\.venv\Lib\site-packages\pymongo\synchronous\topology.py", line 359, in _select_servers_loop
    raise ServerSelectionTimeoutError(
pymongo.errors.ServerSelectionTimeoutError: ac-idvu2ff-shard-00-00.z9yxifc.mongodb.net:27017: [Errno 11001] getaddrinfo failed (configured timeouts: socketTimeoutMS: 20000.0ms, connectTimeoutMS: 20000.0ms),ac-idvu2ff-shard-00-01.z9yxifc.mongodb.net:27017: [Errno 11001] getaddrinfo failed (configured timeouts: socketTimeoutMS: 20000.0ms, connectTimeoutMS: 20000.0ms),ac-idvu2ff-shard-00-02.z9yxifc.mongodb.net:27017: [Errno 11001] getaddrinfo failed (configured timeouts: socketTimeoutMS: 20000.0ms, connectTimeoutMS: 20000.0ms), Timeout: 30s, Topology Description: <TopologyDescription id: 6a1e8534f0ea977cee491f96, topology_type: ReplicaSetNoPrimary, servers: [<ServerDescription ('ac-idvu2ff-shard-00-00.z9yxifc.mongodb.net', 27017) server_type: Unknown, rtt: None, error=AutoReconnect('ac-idvu2ff-shard-00-00.z9yxifc.mongodb.net:27017: [Errno 11001] getaddrinfo failed (configured timeouts: socketTimeoutMS: 20000.0ms, connectTimeoutMS: 20000.0ms)')>, <ServerDescription ('ac-idvu2ff-shard-00-01.z9yxifc.mongodb.net', 27017) server_type: Unknown, rtt: None, error=AutoReconnect('ac-idvu2ff-shard-00-01.z9yxifc.mongodb.net:27017: [Errno 11001] getaddrinfo failed (configured timeouts: socketTimeoutMS: 20000.0ms, connectTimeoutMS: 20000.0ms)')>, <ServerDescription ('ac-idvu2ff-shard-00-02.z9yxifc.mongodb.net', 27017) server_type: Unknown, rtt: None, error=AutoReconnect('ac-idvu2ff-shard-00-02.z9yxifc.mongodb.net:27017: [Errno 11001] getaddrinfo failed (configured timeouts: socketTimeoutMS: 20000.0ms, connectTimeoutMS: 20000.0ms)')>]>
2026-06-02 14:02:26,274 | ERROR | server | - | stuck-run cleanup loop crashed; will retry next interval
Traceback (most recent call last):
  File "C:\Internship\ai-testing-platform\backend\server.py", line 251, in _stuck_run_cleanup_loop
    stuck_records = list(stuck_cursor)
                    ^^^^^^^^^^^^^^^^^^
  File "C:\Internship\ai-testing-platform\.venv\Lib\site-packages\pymongo\synchronous\cursor.py", line 1166, in __next__
    return self.next()
           ^^^^^^^^^^^
  File "C:\Internship\ai-testing-platform\.venv\Lib\site-packages\pymongo\synchronous\cursor.py", line 1142, in next
    if len(self._data) or self._refresh():
                          ^^^^^^^^^^^^^^^
  File "C:\Internship\ai-testing-platform\.venv\Lib\site-packages\pymongo\synchronous\cursor.py", line 1090, in _refresh
    self._send_message(q)
  File "C:\Internship\ai-testing-platform\.venv\Lib\site-packages\pymongo\synchronous\cursor.py", line 985, in _send_message
    response = client._run_operation(
               ^^^^^^^^^^^^^^^^^^^^^^
  File "C:\Internship\ai-testing-platform\.venv\Lib\site-packages\pymongo\_csot.py", line 125, in csot_wrapper
    return func(self, *args, **kwargs)
           ^^^^^^^^^^^^^^^^^^^^^^^^^^^
  File "C:\Internship\ai-testing-platform\.venv\Lib\site-packages\pymongo\synchronous\mongo_client.py", line 1956, in _run_operation
    return self._retryable_read(
           ^^^^^^^^^^^^^^^^^^^^^
  File "C:\Internship\ai-testing-platform\.venv\Lib\site-packages\pymongo\synchronous\mongo_client.py", line 2076, in _retryable_read
    return self._retry_internal(
           ^^^^^^^^^^^^^^^^^^^^^
  File "C:\Internship\ai-testing-platform\.venv\Lib\site-packages\pymongo\_csot.py", line 125, in csot_wrapper
    return func(self, *args, **kwargs)
           ^^^^^^^^^^^^^^^^^^^^^^^^^^^
  File "C:\Internship\ai-testing-platform\.venv\Lib\site-packages\pymongo\synchronous\mongo_client.py", line 2038, in _retry_internal
    ).run()
      ^^^^^
  File "C:\Internship\ai-testing-platform\.venv\Lib\site-packages\pymongo\synchronous\mongo_client.py", line 2811, in run
    res = self._read() if self._is_read else self._write()
          ^^^^^^^^^^^^
  File "C:\Internship\ai-testing-platform\.venv\Lib\site-packages\pymongo\synchronous\mongo_client.py", line 3027, in _read
    self._server = self._get_server()
                   ^^^^^^^^^^^^^^^^^^
  File "C:\Internship\ai-testing-platform\.venv\Lib\site-packages\pymongo\synchronous\mongo_client.py", line 2975, in _get_server
    return self._client._select_server(
           ^^^^^^^^^^^^^^^^^^^^^^^^^^^^
  File "C:\Internship\ai-testing-platform\.venv\Lib\site-packages\pymongo\synchronous\mongo_client.py", line 1851, in _select_server
    server = topology.select_server(
             ^^^^^^^^^^^^^^^^^^^^^^^
  File "C:\Internship\ai-testing-platform\.venv\Lib\site-packages\pymongo\synchronous\topology.py", line 428, in select_server
    server = self._select_server(
             ^^^^^^^^^^^^^^^^^^^^
  File "C:\Internship\ai-testing-platform\.venv\Lib\site-packages\pymongo\synchronous\topology.py", line 402, in _select_server
    servers = self.select_servers(
              ^^^^^^^^^^^^^^^^^^^^
  File "C:\Internship\ai-testing-platform\.venv\Lib\site-packages\pymongo\synchronous\topology.py", line 298, in select_servers
    server_descriptions = self._select_servers_loop(
                          ^^^^^^^^^^^^^^^^^^^^^^^^^^
  File "C:\Internship\ai-testing-platform\.venv\Lib\site-packages\pymongo\synchronous\topology.py", line 359, in _select_servers_loop
    raise ServerSelectionTimeoutError(
pymongo.errors.ServerSelectionTimeoutError: ac-idvu2ff-shard-00-00.z9yxifc.mongodb.net:27017: [Errno 11001] getaddrinfo failed (configured timeouts: socketTimeoutMS: 20000.0ms, connectTimeoutMS: 20000.0ms),ac-idvu2ff-shard-00-01.z9yxifc.mongodb.net:27017: [Errno 11001] getaddrinfo failed (configured timeouts: socketTimeoutMS: 20000.0ms, connectTimeoutMS: 20000.0ms),ac-idvu2ff-shard-00-02.z9yxifc.mongodb.net:27017: [Errno 11001] getaddrinfo failed (configured timeouts: socketTimeoutMS: 20000.0ms, connectTimeoutMS: 20000.0ms), Timeout: 30s, Topology Description: <TopologyDescription id: 6a1e8534f0ea977cee491f96, topology_type: ReplicaSetNoPrimary, servers: [<ServerDescription ('ac-idvu2ff-shard-00-00.z9yxifc.mongodb.net', 27017) server_type: Unknown, rtt: None, error=AutoReconnect('ac-idvu2ff-shard-00-00.z9yxifc.mongodb.net:27017: [Errno 11001] getaddrinfo failed (configured timeouts: socketTimeoutMS: 20000.0ms, connectTimeoutMS: 20000.0ms)')>, <ServerDescription ('ac-idvu2ff-shard-00-01.z9yxifc.mongodb.net', 27017) server_type: Unknown, rtt: None, error=AutoReconnect('ac-idvu2ff-shard-00-01.z9yxifc.mongodb.net:27017: [Errno 11001] getaddrinfo failed (configured timeouts: socketTimeoutMS: 20000.0ms, connectTimeoutMS: 20000.0ms)')>, <ServerDescription ('ac-idvu2ff-shard-00-02.z9yxifc.mongodb.net', 27017) server_type: Unknown, rtt: None, error=AutoReconnect('ac-idvu2ff-shard-00-02.z9yxifc.mongodb.net:27017: [Errno 11001] getaddrinfo failed (configured timeouts: socketTimeoutMS: 20000.0ms, connectTimeoutMS: 20000.0ms)')>]>
2026-06-02 14:03:56,503 | ERROR | server | - | stuck-run cleanup loop crashed; will retry next interval
Traceback (most recent call last):
  File "C:\Internship\ai-testing-platform\backend\server.py", line 251, in _stuck_run_cleanup_loop
    stuck_records = list(stuck_cursor)
                    ^^^^^^^^^^^^^^^^^^
  File "C:\Internship\ai-testing-platform\.venv\Lib\site-packages\pymongo\synchronous\cursor.py", line 1166, in __next__
    return self.next()
           ^^^^^^^^^^^
  File "C:\Internship\ai-testing-platform\.venv\Lib\site-packages\pymongo\synchronous\cursor.py", line 1142, in next
    if len(self._data) or self._refresh():
                          ^^^^^^^^^^^^^^^
  File "C:\Internship\ai-testing-platform\.venv\Lib\site-packages\pymongo\synchronous\cursor.py", line 1090, in _refresh
    self._send_message(q)
  File "C:\Internship\ai-testing-platform\.venv\Lib\site-packages\pymongo\synchronous\cursor.py", line 985, in _send_message
    response = client._run_operation(
               ^^^^^^^^^^^^^^^^^^^^^^
  File "C:\Internship\ai-testing-platform\.venv\Lib\site-packages\pymongo\_csot.py", line 125, in csot_wrapper
    return func(self, *args, **kwargs)
           ^^^^^^^^^^^^^^^^^^^^^^^^^^^
  File "C:\Internship\ai-testing-platform\.venv\Lib\site-packages\pymongo\synchronous\mongo_client.py", line 1956, in _run_operation
    return self._retryable_read(
           ^^^^^^^^^^^^^^^^^^^^^
  File "C:\Internship\ai-testing-platform\.venv\Lib\site-packages\pymongo\synchronous\mongo_client.py", line 2076, in _retryable_read
    return self._retry_internal(
           ^^^^^^^^^^^^^^^^^^^^^
  File "C:\Internship\ai-testing-platform\.venv\Lib\site-packages\pymongo\_csot.py", line 125, in csot_wrapper
    return func(self, *args, **kwargs)
           ^^^^^^^^^^^^^^^^^^^^^^^^^^^
  File "C:\Internship\ai-testing-platform\.venv\Lib\site-packages\pymongo\synchronous\mongo_client.py", line 2038, in _retry_internal
    ).run()
      ^^^^^
  File "C:\Internship\ai-testing-platform\.venv\Lib\site-packages\pymongo\synchronous\mongo_client.py", line 2811, in run
    res = self._read() if self._is_read else self._write()
          ^^^^^^^^^^^^
  File "C:\Internship\ai-testing-platform\.venv\Lib\site-packages\pymongo\synchronous\mongo_client.py", line 3027, in _read
    self._server = self._get_server()
                   ^^^^^^^^^^^^^^^^^^
  File "C:\Internship\ai-testing-platform\.venv\Lib\site-packages\pymongo\synchronous\mongo_client.py", line 2975, in _get_server
    return self._client._select_server(
           ^^^^^^^^^^^^^^^^^^^^^^^^^^^^
  File "C:\Internship\ai-testing-platform\.venv\Lib\site-packages\pymongo\synchronous\mongo_client.py", line 1851, in _select_server
    server = topology.select_server(
             ^^^^^^^^^^^^^^^^^^^^^^^
  File "C:\Internship\ai-testing-platform\.venv\Lib\site-packages\pymongo\synchronous\topology.py", line 428, in select_server
    server = self._select_server(
             ^^^^^^^^^^^^^^^^^^^^
  File "C:\Internship\ai-testing-platform\.venv\Lib\site-packages\pymongo\synchronous\topology.py", line 402, in _select_server
    servers = self.select_servers(
              ^^^^^^^^^^^^^^^^^^^^
  File "C:\Internship\ai-testing-platform\.venv\Lib\site-packages\pymongo\synchronous\topology.py", line 298, in select_servers
    server_descriptions = self._select_servers_loop(
                          ^^^^^^^^^^^^^^^^^^^^^^^^^^
  File "C:\Internship\ai-testing-platform\.venv\Lib\site-packages\pymongo\synchronous\topology.py", line 359, in _select_servers_loop
    raise ServerSelectionTimeoutError(
pymongo.errors.ServerSelectionTimeoutError: ac-idvu2ff-shard-00-00.z9yxifc.mongodb.net:27017: [Errno 11001] getaddrinfo failed (configured timeouts: socketTimeoutMS: 20000.0ms, connectTimeoutMS: 20000.0ms),ac-idvu2ff-shard-00-01.z9yxifc.mongodb.net:27017: [Errno 11001] getaddrinfo failed (configured timeouts: socketTimeoutMS: 20000.0ms, connectTimeoutMS: 20000.0ms),ac-idvu2ff-shard-00-02.z9yxifc.mongodb.net:27017: [Errno 11001] getaddrinfo failed (configured timeouts: socketTimeoutMS: 20000.0ms, connectTimeoutMS: 20000.0ms), Timeout: 30s, Topology Description: <TopologyDescription id: 6a1e8534f0ea977cee491f96, topology_type: ReplicaSetNoPrimary, servers: [<ServerDescription ('ac-idvu2ff-shard-00-00.z9yxifc.mongodb.net', 27017) server_type: Unknown, rtt: None, error=AutoReconnect('ac-idvu2ff-shard-00-00.z9yxifc.mongodb.net:27017: [Errno 11001] getaddrinfo failed (configured timeouts: socketTimeoutMS: 20000.0ms, connectTimeoutMS: 20000.0ms)')>, <ServerDescription ('ac-idvu2ff-shard-00-01.z9yxifc.mongodb.net', 27017) server_type: Unknown, rtt: None, error=AutoReconnect('ac-idvu2ff-shard-00-01.z9yxifc.mongodb.net:27017: [Errno 11001] getaddrinfo failed (configured timeouts: socketTimeoutMS: 20000.0ms, connectTimeoutMS: 20000.0ms)')>, <ServerDescription ('ac-idvu2ff-shard-00-02.z9yxifc.mongodb.net', 27017) server_type: Unknown, rtt: None, error=AutoReconnect('ac-idvu2ff-shard-00-02.z9yxifc.mongodb.net:27017: [Errno 11001] getaddrinfo failed (configured timeouts: socketTimeoutMS: 20000.0ms, connectTimeoutMS: 20000.0ms)')>]>
2026-06-02 14:05:26,992 | ERROR | server | - | stuck-run cleanup loop crashed; will retry next interval
Traceback (most recent call last):
  File "C:\Internship\ai-testing-platform\backend\server.py", line 251, in _stuck_run_cleanup_loop
    stuck_records = list(stuck_cursor)
                    ^^^^^^^^^^^^^^^^^^
  File "C:\Internship\ai-testing-platform\.venv\Lib\site-packages\pymongo\synchronous\cursor.py", line 1166, in __next__
    return self.next()
           ^^^^^^^^^^^
  File "C:\Internship\ai-testing-platform\.venv\Lib\site-packages\pymongo\synchronous\cursor.py", line 1142, in next
    if len(self._data) or self._refresh():
                          ^^^^^^^^^^^^^^^
  File "C:\Internship\ai-testing-platform\.venv\Lib\site-packages\pymongo\synchronous\cursor.py", line 1090, in _refresh
    self._send_message(q)
  File "C:\Internship\ai-testing-platform\.venv\Lib\site-packages\pymongo\synchronous\cursor.py", line 985, in _send_message
    response = client._run_operation(
               ^^^^^^^^^^^^^^^^^^^^^^
  File "C:\Internship\ai-testing-platform\.venv\Lib\site-packages\pymongo\_csot.py", line 125, in csot_wrapper
    return func(self, *args, **kwargs)
           ^^^^^^^^^^^^^^^^^^^^^^^^^^^
  File "C:\Internship\ai-testing-platform\.venv\Lib\site-packages\pymongo\synchronous\mongo_client.py", line 1956, in _run_operation
    return self._retryable_read(
           ^^^^^^^^^^^^^^^^^^^^^
  File "C:\Internship\ai-testing-platform\.venv\Lib\site-packages\pymongo\synchronous\mongo_client.py", line 2076, in _retryable_read
    return self._retry_internal(
           ^^^^^^^^^^^^^^^^^^^^^
  File "C:\Internship\ai-testing-platform\.venv\Lib\site-packages\pymongo\_csot.py", line 125, in csot_wrapper
    return func(self, *args, **kwargs)
           ^^^^^^^^^^^^^^^^^^^^^^^^^^^
  File "C:\Internship\ai-testing-platform\.venv\Lib\site-packages\pymongo\synchronous\mongo_client.py", line 2038, in _retry_internal
    ).run()
      ^^^^^
  File "C:\Internship\ai-testing-platform\.venv\Lib\site-packages\pymongo\synchronous\mongo_client.py", line 2811, in run
    res = self._read() if self._is_read else self._write()
          ^^^^^^^^^^^^
  File "C:\Internship\ai-testing-platform\.venv\Lib\site-packages\pymongo\synchronous\mongo_client.py", line 3027, in _read
    self._server = self._get_server()
                   ^^^^^^^^^^^^^^^^^^
  File "C:\Internship\ai-testing-platform\.venv\Lib\site-packages\pymongo\synchronous\mongo_client.py", line 2975, in _get_server
    return self._client._select_server(
           ^^^^^^^^^^^^^^^^^^^^^^^^^^^^
  File "C:\Internship\ai-testing-platform\.venv\Lib\site-packages\pymongo\synchronous\mongo_client.py", line 1851, in _select_server
    server = topology.select_server(
             ^^^^^^^^^^^^^^^^^^^^^^^
  File "C:\Internship\ai-testing-platform\.venv\Lib\site-packages\pymongo\synchronous\topology.py", line 428, in select_server
    server = self._select_server(
             ^^^^^^^^^^^^^^^^^^^^
  File "C:\Internship\ai-testing-platform\.venv\Lib\site-packages\pymongo\synchronous\topology.py", line 402, in _select_server
    servers = self.select_servers(
              ^^^^^^^^^^^^^^^^^^^^
  File "C:\Internship\ai-testing-platform\.venv\Lib\site-packages\pymongo\synchronous\topology.py", line 298, in select_servers
    server_descriptions = self._select_servers_loop(
                          ^^^^^^^^^^^^^^^^^^^^^^^^^^
  File "C:\Internship\ai-testing-platform\.venv\Lib\site-packages\pymongo\synchronous\topology.py", line 359, in _select_servers_loop
    raise ServerSelectionTimeoutError(
pymongo.errors.ServerSelectionTimeoutError: ac-idvu2ff-shard-00-00.z9yxifc.mongodb.net:27017: [Errno 11001] getaddrinfo failed (configured timeouts: socketTimeoutMS: 20000.0ms, connectTimeoutMS: 20000.0ms),ac-idvu2ff-shard-00-01.z9yxifc.mongodb.net:27017: [Errno 11001] getaddrinfo failed (configured timeouts: socketTimeoutMS: 20000.0ms, connectTimeoutMS: 20000.0ms),ac-idvu2ff-shard-00-02.z9yxifc.mongodb.net:27017: [Errno 11001] getaddrinfo failed (configured timeouts: socketTimeoutMS: 20000.0ms, connectTimeoutMS: 20000.0ms), Timeout: 30s, Topology Description: <TopologyDescription id: 6a1e8534f0ea977cee491f96, topology_type: ReplicaSetNoPrimary, servers: [<ServerDescription ('ac-idvu2ff-shard-00-00.z9yxifc.mongodb.net', 27017) server_type: Unknown, rtt: None, error=AutoReconnect('ac-idvu2ff-shard-00-00.z9yxifc.mongodb.net:27017: [Errno 11001] getaddrinfo failed (configured timeouts: socketTimeoutMS: 20000.0ms, connectTimeoutMS: 20000.0ms)')>, <ServerDescription ('ac-idvu2ff-shard-00-01.z9yxifc.mongodb.net', 27017) server_type: Unknown, rtt: None, error=AutoReconnect('ac-idvu2ff-shard-00-01.z9yxifc.mongodb.net:27017: [Errno 11001] getaddrinfo failed (configured timeouts: socketTimeoutMS: 20000.0ms, connectTimeoutMS: 20000.0ms)')>, <ServerDescription ('ac-idvu2ff-shard-00-02.z9yxifc.mongodb.net', 27017) server_type: Unknown, rtt: None, error=AutoReconnect('ac-idvu2ff-shard-00-02.z9yxifc.mongodb.net:27017: [Errno 11001] getaddrinfo failed (configured timeouts: socketTimeoutMS: 20000.0ms, connectTimeoutMS: 20000.0ms)')>]>
2026-06-02 14:06:57,088 | ERROR | server | - | stuck-run cleanup loop crashed; will retry next interval
Traceback (most recent call last):
  File "C:\Internship\ai-testing-platform\backend\server.py", line 251, in _stuck_run_cleanup_loop
    stuck_records = list(stuck_cursor)
                    ^^^^^^^^^^^^^^^^^^
  File "C:\Internship\ai-testing-platform\.venv\Lib\site-packages\pymongo\synchronous\cursor.py", line 1166, in __next__
    return self.next()
           ^^^^^^^^^^^
  File "C:\Internship\ai-testing-platform\.venv\Lib\site-packages\pymongo\synchronous\cursor.py", line 1142, in next
    if len(self._data) or self._refresh():
                          ^^^^^^^^^^^^^^^
  File "C:\Internship\ai-testing-platform\.venv\Lib\site-packages\pymongo\synchronous\cursor.py", line 1090, in _refresh
    self._send_message(q)
  File "C:\Internship\ai-testing-platform\.venv\Lib\site-packages\pymongo\synchronous\cursor.py", line 985, in _send_message
    response = client._run_operation(
               ^^^^^^^^^^^^^^^^^^^^^^
  File "C:\Internship\ai-testing-platform\.venv\Lib\site-packages\pymongo\_csot.py", line 125, in csot_wrapper
    return func(self, *args, **kwargs)
           ^^^^^^^^^^^^^^^^^^^^^^^^^^^
  File "C:\Internship\ai-testing-platform\.venv\Lib\site-packages\pymongo\synchronous\mongo_client.py", line 1956, in _run_operation
    return self._retryable_read(
           ^^^^^^^^^^^^^^^^^^^^^
  File "C:\Internship\ai-testing-platform\.venv\Lib\site-packages\pymongo\synchronous\mongo_client.py", line 2076, in _retryable_read
    return self._retry_internal(
           ^^^^^^^^^^^^^^^^^^^^^
  File "C:\Internship\ai-testing-platform\.venv\Lib\site-packages\pymongo\_csot.py", line 125, in csot_wrapper
    return func(self, *args, **kwargs)
           ^^^^^^^^^^^^^^^^^^^^^^^^^^^
  File "C:\Internship\ai-testing-platform\.venv\Lib\site-packages\pymongo\synchronous\mongo_client.py", line 2038, in _retry_internal
    ).run()
      ^^^^^
  File "C:\Internship\ai-testing-platform\.venv\Lib\site-packages\pymongo\synchronous\mongo_client.py", line 2811, in run
    res = self._read() if self._is_read else self._write()
          ^^^^^^^^^^^^
  File "C:\Internship\ai-testing-platform\.venv\Lib\site-packages\pymongo\synchronous\mongo_client.py", line 3027, in _read
    self._server = self._get_server()
                   ^^^^^^^^^^^^^^^^^^
  File "C:\Internship\ai-testing-platform\.venv\Lib\site-packages\pymongo\synchronous\mongo_client.py", line 2975, in _get_server
    return self._client._select_server(
           ^^^^^^^^^^^^^^^^^^^^^^^^^^^^
  File "C:\Internship\ai-testing-platform\.venv\Lib\site-packages\pymongo\synchronous\mongo_client.py", line 1851, in _select_server
    server = topology.select_server(
             ^^^^^^^^^^^^^^^^^^^^^^^
  File "C:\Internship\ai-testing-platform\.venv\Lib\site-packages\pymongo\synchronous\topology.py", line 428, in select_server
    server = self._select_server(
             ^^^^^^^^^^^^^^^^^^^^
  File "C:\Internship\ai-testing-platform\.venv\Lib\site-packages\pymongo\synchronous\topology.py", line 402, in _select_server
    servers = self.select_servers(
              ^^^^^^^^^^^^^^^^^^^^
  File "C:\Internship\ai-testing-platform\.venv\Lib\site-packages\pymongo\synchronous\topology.py", line 298, in select_servers
    server_descriptions = self._select_servers_loop(
                          ^^^^^^^^^^^^^^^^^^^^^^^^^^
  File "C:\Internship\ai-testing-platform\.venv\Lib\site-packages\pymongo\synchronous\topology.py", line 359, in _select_servers_loop
    raise ServerSelectionTimeoutError(
pymongo.errors.ServerSelectionTimeoutError: ac-idvu2ff-shard-00-00.z9yxifc.mongodb.net:27017: [Errno 11001] getaddrinfo failed (configured timeouts: socketTimeoutMS: 20000.0ms, connectTimeoutMS: 20000.0ms),ac-idvu2ff-shard-00-01.z9yxifc.mongodb.net:27017: [Errno 11001] getaddrinfo failed (configured timeouts: socketTimeoutMS: 20000.0ms, connectTimeoutMS: 20000.0ms),ac-idvu2ff-shard-00-02.z9yxifc.mongodb.net:27017: [Errno 11001] getaddrinfo failed (configured timeouts: socketTimeoutMS: 20000.0ms, connectTimeoutMS: 20000.0ms), Timeout: 30s, Topology Description: <TopologyDescription id: 6a1e8534f0ea977cee491f96, topology_type: ReplicaSetNoPrimary, servers: [<ServerDescription ('ac-idvu2ff-shard-00-00.z9yxifc.mongodb.net', 27017) server_type: Unknown, rtt: None, error=AutoReconnect('ac-idvu2ff-shard-00-00.z9yxifc.mongodb.net:27017: [Errno 11001] getaddrinfo failed (configured timeouts: socketTimeoutMS: 20000.0ms, connectTimeoutMS: 20000.0ms)')>, <ServerDescription ('ac-idvu2ff-shard-00-01.z9yxifc.mongodb.net', 27017) server_type: Unknown, rtt: None, error=AutoReconnect('ac-idvu2ff-shard-00-01.z9yxifc.mongodb.net:27017: [Errno 11001] getaddrinfo failed (configured timeouts: socketTimeoutMS: 20000.0ms, connectTimeoutMS: 20000.0ms)')>, <ServerDescription ('ac-idvu2ff-shard-00-02.z9yxifc.mongodb.net', 27017) server_type: Unknown, rtt: None, error=AutoReconnect('ac-idvu2ff-shard-00-02.z9yxifc.mongodb.net:27017: [Errno 11001] getaddrinfo failed (configured timeouts: socketTimeoutMS: 20000.0ms, connectTimeoutMS: 20000.0ms)')>]>
2026-06-02 14:08:27,286 | ERROR | server | - | stuck-run cleanup loop crashed; will retry next interval
Traceback (most recent call last):
  File "C:\Internship\ai-testing-platform\backend\server.py", line 251, in _stuck_run_cleanup_loop
    stuck_records = list(stuck_cursor)
                    ^^^^^^^^^^^^^^^^^^
  File "C:\Internship\ai-testing-platform\.venv\Lib\site-packages\pymongo\synchronous\cursor.py", line 1166, in __next__
    return self.next()
           ^^^^^^^^^^^
  File "C:\Internship\ai-testing-platform\.venv\Lib\site-packages\pymongo\synchronous\cursor.py", line 1142, in next
    if len(self._data) or self._refresh():
                          ^^^^^^^^^^^^^^^
  File "C:\Internship\ai-testing-platform\.venv\Lib\site-packages\pymongo\synchronous\cursor.py", line 1090, in _refresh
    self._send_message(q)
  File "C:\Internship\ai-testing-platform\.venv\Lib\site-packages\pymongo\synchronous\cursor.py", line 985, in _send_message
    response = client._run_operation(
               ^^^^^^^^^^^^^^^^^^^^^^
  File "C:\Internship\ai-testing-platform\.venv\Lib\site-packages\pymongo\_csot.py", line 125, in csot_wrapper
    return func(self, *args, **kwargs)
           ^^^^^^^^^^^^^^^^^^^^^^^^^^^
  File "C:\Internship\ai-testing-platform\.venv\Lib\site-packages\pymongo\synchronous\mongo_client.py", line 1956, in _run_operation
    return self._retryable_read(
           ^^^^^^^^^^^^^^^^^^^^^
  File "C:\Internship\ai-testing-platform\.venv\Lib\site-packages\pymongo\synchronous\mongo_client.py", line 2076, in _retryable_read
    return self._retry_internal(
           ^^^^^^^^^^^^^^^^^^^^^
  File "C:\Internship\ai-testing-platform\.venv\Lib\site-packages\pymongo\_csot.py", line 125, in csot_wrapper
    return func(self, *args, **kwargs)
           ^^^^^^^^^^^^^^^^^^^^^^^^^^^
  File "C:\Internship\ai-testing-platform\.venv\Lib\site-packages\pymongo\synchronous\mongo_client.py", line 2038, in _retry_internal
    ).run()
      ^^^^^
  File "C:\Internship\ai-testing-platform\.venv\Lib\site-packages\pymongo\synchronous\mongo_client.py", line 2811, in run
    res = self._read() if self._is_read else self._write()
          ^^^^^^^^^^^^
  File "C:\Internship\ai-testing-platform\.venv\Lib\site-packages\pymongo\synchronous\mongo_client.py", line 3027, in _read
    self._server = self._get_server()
                   ^^^^^^^^^^^^^^^^^^
  File "C:\Internship\ai-testing-platform\.venv\Lib\site-packages\pymongo\synchronous\mongo_client.py", line 2975, in _get_server
    return self._client._select_server(
           ^^^^^^^^^^^^^^^^^^^^^^^^^^^^
  File "C:\Internship\ai-testing-platform\.venv\Lib\site-packages\pymongo\synchronous\mongo_client.py", line 1851, in _select_server
    server = topology.select_server(
             ^^^^^^^^^^^^^^^^^^^^^^^
  File "C:\Internship\ai-testing-platform\.venv\Lib\site-packages\pymongo\synchronous\topology.py", line 428, in select_server
    server = self._select_server(
             ^^^^^^^^^^^^^^^^^^^^
  File "C:\Internship\ai-testing-platform\.venv\Lib\site-packages\pymongo\synchronous\topology.py", line 402, in _select_server
    servers = self.select_servers(
              ^^^^^^^^^^^^^^^^^^^^
  File "C:\Internship\ai-testing-platform\.venv\Lib\site-packages\pymongo\synchronous\topology.py", line 298, in select_servers
    server_descriptions = self._select_servers_loop(
                          ^^^^^^^^^^^^^^^^^^^^^^^^^^
  File "C:\Internship\ai-testing-platform\.venv\Lib\site-packages\pymongo\synchronous\topology.py", line 359, in _select_servers_loop
    raise ServerSelectionTimeoutError(
pymongo.errors.ServerSelectionTimeoutError: ac-idvu2ff-shard-00-00.z9yxifc.mongodb.net:27017: [Errno 11001] getaddrinfo failed (configured timeouts: socketTimeoutMS: 20000.0ms, connectTimeoutMS: 20000.0ms),ac-idvu2ff-shard-00-01.z9yxifc.mongodb.net:27017: [Errno 11001] getaddrinfo failed (configured timeouts: socketTimeoutMS: 20000.0ms, connectTimeoutMS: 20000.0ms),ac-idvu2ff-shard-00-02.z9yxifc.mongodb.net:27017: [Errno 11001] getaddrinfo failed (configured timeouts: socketTimeoutMS: 20000.0ms, connectTimeoutMS: 20000.0ms), Timeout: 30s, Topology Description: <TopologyDescription id: 6a1e8534f0ea977cee491f96, topology_type: ReplicaSetNoPrimary, servers: [<ServerDescription ('ac-idvu2ff-shard-00-00.z9yxifc.mongodb.net', 27017) server_type: Unknown, rtt: None, error=AutoReconnect('ac-idvu2ff-shard-00-00.z9yxifc.mongodb.net:27017: [Errno 11001] getaddrinfo failed (configured timeouts: socketTimeoutMS: 20000.0ms, connectTimeoutMS: 20000.0ms)')>, <ServerDescription ('ac-idvu2ff-shard-00-01.z9yxifc.mongodb.net', 27017) server_type: Unknown, rtt: None, error=AutoReconnect('ac-idvu2ff-shard-00-01.z9yxifc.mongodb.net:27017: [Errno 11001] getaddrinfo failed (configured timeouts: socketTimeoutMS: 20000.0ms, connectTimeoutMS: 20000.0ms)')>, <ServerDescription ('ac-idvu2ff-shard-00-02.z9yxifc.mongodb.net', 27017) server_type: Unknown, rtt: None, error=AutoReconnect('ac-idvu2ff-shard-00-02.z9yxifc.mongodb.net:27017: [Errno 11001] getaddrinfo failed (configured timeouts: socketTimeoutMS: 20000.0ms, connectTimeoutMS: 20000.0ms)')>]>
2026-06-02 14:09:57,454 | ERROR | server | - | stuck-run cleanup loop crashed; will retry next interval
Traceback (most recent call last):
  File "C:\Internship\ai-testing-platform\backend\server.py", line 251, in _stuck_run_cleanup_loop
    stuck_records = list(stuck_cursor)
                    ^^^^^^^^^^^^^^^^^^
  File "C:\Internship\ai-testing-platform\.venv\Lib\site-packages\pymongo\synchronous\cursor.py", line 1166, in __next__
    return self.next()
           ^^^^^^^^^^^
  File "C:\Internship\ai-testing-platform\.venv\Lib\site-packages\pymongo\synchronous\cursor.py", line 1142, in next
    if len(self._data) or self._refresh():
                          ^^^^^^^^^^^^^^^
  File "C:\Internship\ai-testing-platform\.venv\Lib\site-packages\pymongo\synchronous\cursor.py", line 1090, in _refresh
    self._send_message(q)
  File "C:\Internship\ai-testing-platform\.venv\Lib\site-packages\pymongo\synchronous\cursor.py", line 985, in _send_message
    response = client._run_operation(
               ^^^^^^^^^^^^^^^^^^^^^^
  File "C:\Internship\ai-testing-platform\.venv\Lib\site-packages\pymongo\_csot.py", line 125, in csot_wrapper
    return func(self, *args, **kwargs)
           ^^^^^^^^^^^^^^^^^^^^^^^^^^^
  File "C:\Internship\ai-testing-platform\.venv\Lib\site-packages\pymongo\synchronous\mongo_client.py", line 1956, in _run_operation
    return self._retryable_read(
           ^^^^^^^^^^^^^^^^^^^^^
  File "C:\Internship\ai-testing-platform\.venv\Lib\site-packages\pymongo\synchronous\mongo_client.py", line 2076, in _retryable_read
    return self._retry_internal(
           ^^^^^^^^^^^^^^^^^^^^^
  File "C:\Internship\ai-testing-platform\.venv\Lib\site-packages\pymongo\_csot.py", line 125, in csot_wrapper
    return func(self, *args, **kwargs)
           ^^^^^^^^^^^^^^^^^^^^^^^^^^^
  File "C:\Internship\ai-testing-platform\.venv\Lib\site-packages\pymongo\synchronous\mongo_client.py", line 2038, in _retry_internal
    ).run()
      ^^^^^
  File "C:\Internship\ai-testing-platform\.venv\Lib\site-packages\pymongo\synchronous\mongo_client.py", line 2811, in run
    res = self._read() if self._is_read else self._write()
          ^^^^^^^^^^^^
  File "C:\Internship\ai-testing-platform\.venv\Lib\site-packages\pymongo\synchronous\mongo_client.py", line 3027, in _read
    self._server = self._get_server()
                   ^^^^^^^^^^^^^^^^^^
  File "C:\Internship\ai-testing-platform\.venv\Lib\site-packages\pymongo\synchronous\mongo_client.py", line 2975, in _get_server
    return self._client._select_server(
           ^^^^^^^^^^^^^^^^^^^^^^^^^^^^
  File "C:\Internship\ai-testing-platform\.venv\Lib\site-packages\pymongo\synchronous\mongo_client.py", line 1851, in _select_server
    server = topology.select_server(
             ^^^^^^^^^^^^^^^^^^^^^^^
  File "C:\Internship\ai-testing-platform\.venv\Lib\site-packages\pymongo\synchronous\topology.py", line 428, in select_server
    server = self._select_server(
             ^^^^^^^^^^^^^^^^^^^^
  File "C:\Internship\ai-testing-platform\.venv\Lib\site-packages\pymongo\synchronous\topology.py", line 402, in _select_server
    servers = self.select_servers(
              ^^^^^^^^^^^^^^^^^^^^
  File "C:\Internship\ai-testing-platform\.venv\Lib\site-packages\pymongo\synchronous\topology.py", line 298, in select_servers
    server_descriptions = self._select_servers_loop(
                          ^^^^^^^^^^^^^^^^^^^^^^^^^^
  File "C:\Internship\ai-testing-platform\.venv\Lib\site-packages\pymongo\synchronous\topology.py", line 359, in _select_servers_loop
    raise ServerSelectionTimeoutError(
pymongo.errors.ServerSelectionTimeoutError: ac-idvu2ff-shard-00-00.z9yxifc.mongodb.net:27017: [Errno 11001] getaddrinfo failed (configured timeouts: socketTimeoutMS: 20000.0ms, connectTimeoutMS: 20000.0ms),ac-idvu2ff-shard-00-01.z9yxifc.mongodb.net:27017: [Errno 11001] getaddrinfo failed (configured timeouts: socketTimeoutMS: 20000.0ms, connectTimeoutMS: 20000.0ms),ac-idvu2ff-shard-00-02.z9yxifc.mongodb.net:27017: [Errno 11001] getaddrinfo failed (configured timeouts: socketTimeoutMS: 20000.0ms, connectTimeoutMS: 20000.0ms), Timeout: 30s, Topology Description: <TopologyDescription id: 6a1e8534f0ea977cee491f96, topology_type: ReplicaSetNoPrimary, servers: [<ServerDescription ('ac-idvu2ff-shard-00-00.z9yxifc.mongodb.net', 27017) server_type: Unknown, rtt: None, error=AutoReconnect('ac-idvu2ff-shard-00-00.z9yxifc.mongodb.net:27017: [Errno 11001] getaddrinfo failed (configured timeouts: socketTimeoutMS: 20000.0ms, connectTimeoutMS: 20000.0ms)')>, <ServerDescription ('ac-idvu2ff-shard-00-01.z9yxifc.mongodb.net', 27017) server_type: Unknown, rtt: None, error=AutoReconnect('ac-idvu2ff-shard-00-01.z9yxifc.mongodb.net:27017: [Errno 11001] getaddrinfo failed (configured timeouts: socketTimeoutMS: 20000.0ms, connectTimeoutMS: 20000.0ms)')>, <ServerDescription ('ac-idvu2ff-shard-00-02.z9yxifc.mongodb.net', 27017) server_type: Unknown, rtt: None, error=AutoReconnect('ac-idvu2ff-shard-00-02.z9yxifc.mongodb.net:27017: [Errno 11001] getaddrinfo failed (configured timeouts: socketTimeoutMS: 20000.0ms, connectTimeoutMS: 20000.0ms)')>]>
2026-06-02 14:11:27,622 | ERROR | server | - | stuck-run cleanup loop crashed; will retry next interval
Traceback (most recent call last):
  File "C:\Internship\ai-testing-platform\backend\server.py", line 251, in _stuck_run_cleanup_loop
    stuck_records = list(stuck_cursor)
                    ^^^^^^^^^^^^^^^^^^
  File "C:\Internship\ai-testing-platform\.venv\Lib\site-packages\pymongo\synchronous\cursor.py", line 1166, in __next__
    return self.next()
           ^^^^^^^^^^^
  File "C:\Internship\ai-testing-platform\.venv\Lib\site-packages\pymongo\synchronous\cursor.py", line 1142, in next
    if len(self._data) or self._refresh():
                          ^^^^^^^^^^^^^^^
  File "C:\Internship\ai-testing-platform\.venv\Lib\site-packages\pymongo\synchronous\cursor.py", line 1090, in _refresh
    self._send_message(q)
  File "C:\Internship\ai-testing-platform\.venv\Lib\site-packages\pymongo\synchronous\cursor.py", line 985, in _send_message
    response = client._run_operation(
               ^^^^^^^^^^^^^^^^^^^^^^
  File "C:\Internship\ai-testing-platform\.venv\Lib\site-packages\pymongo\_csot.py", line 125, in csot_wrapper
    return func(self, *args, **kwargs)
           ^^^^^^^^^^^^^^^^^^^^^^^^^^^
  File "C:\Internship\ai-testing-platform\.venv\Lib\site-packages\pymongo\synchronous\mongo_client.py", line 1956, in _run_operation
    return self._retryable_read(
           ^^^^^^^^^^^^^^^^^^^^^
  File "C:\Internship\ai-testing-platform\.venv\Lib\site-packages\pymongo\synchronous\mongo_client.py", line 2076, in _retryable_read
    return self._retry_internal(
           ^^^^^^^^^^^^^^^^^^^^^
  File "C:\Internship\ai-testing-platform\.venv\Lib\site-packages\pymongo\_csot.py", line 125, in csot_wrapper
    return func(self, *args, **kwargs)
           ^^^^^^^^^^^^^^^^^^^^^^^^^^^
  File "C:\Internship\ai-testing-platform\.venv\Lib\site-packages\pymongo\synchronous\mongo_client.py", line 2038, in _retry_internal
    ).run()
      ^^^^^
  File "C:\Internship\ai-testing-platform\.venv\Lib\site-packages\pymongo\synchronous\mongo_client.py", line 2811, in run
    res = self._read() if self._is_read else self._write()
          ^^^^^^^^^^^^
  File "C:\Internship\ai-testing-platform\.venv\Lib\site-packages\pymongo\synchronous\mongo_client.py", line 3027, in _read
    self._server = self._get_server()
                   ^^^^^^^^^^^^^^^^^^
  File "C:\Internship\ai-testing-platform\.venv\Lib\site-packages\pymongo\synchronous\mongo_client.py", line 2975, in _get_server
    return self._client._select_server(
           ^^^^^^^^^^^^^^^^^^^^^^^^^^^^
  File "C:\Internship\ai-testing-platform\.venv\Lib\site-packages\pymongo\synchronous\mongo_client.py", line 1851, in _select_server
    server = topology.select_server(
             ^^^^^^^^^^^^^^^^^^^^^^^
  File "C:\Internship\ai-testing-platform\.venv\Lib\site-packages\pymongo\synchronous\topology.py", line 428, in select_server
    server = self._select_server(
             ^^^^^^^^^^^^^^^^^^^^
  File "C:\Internship\ai-testing-platform\.venv\Lib\site-packages\pymongo\synchronous\topology.py", line 402, in _select_server
    servers = self.select_servers(
              ^^^^^^^^^^^^^^^^^^^^
  File "C:\Internship\ai-testing-platform\.venv\Lib\site-packages\pymongo\synchronous\topology.py", line 298, in select_servers
    server_descriptions = self._select_servers_loop(
                          ^^^^^^^^^^^^^^^^^^^^^^^^^^
  File "C:\Internship\ai-testing-platform\.venv\Lib\site-packages\pymongo\synchronous\topology.py", line 359, in _select_servers_loop
    raise ServerSelectionTimeoutError(
pymongo.errors.ServerSelectionTimeoutError: ac-idvu2ff-shard-00-00.z9yxifc.mongodb.net:27017: [Errno 11001] getaddrinfo failed (configured timeouts: socketTimeoutMS: 20000.0ms, connectTimeoutMS: 20000.0ms),ac-idvu2ff-shard-00-01.z9yxifc.mongodb.net:27017: [Errno 11001] getaddrinfo failed (configured timeouts: socketTimeoutMS: 20000.0ms, connectTimeoutMS: 20000.0ms),ac-idvu2ff-shard-00-02.z9yxifc.mongodb.net:27017: [Errno 11001] getaddrinfo failed (configured timeouts: socketTimeoutMS: 20000.0ms, connectTimeoutMS: 20000.0ms), Timeout: 30s, Topology Description: <TopologyDescription id: 6a1e8534f0ea977cee491f96, topology_type: ReplicaSetNoPrimary, servers: [<ServerDescription ('ac-idvu2ff-shard-00-00.z9yxifc.mongodb.net', 27017) server_type: Unknown, rtt: None, error=AutoReconnect('ac-idvu2ff-shard-00-00.z9yxifc.mongodb.net:27017: [Errno 11001] getaddrinfo failed (configured timeouts: socketTimeoutMS: 20000.0ms, connectTimeoutMS: 20000.0ms)')>, <ServerDescription ('ac-idvu2ff-shard-00-01.z9yxifc.mongodb.net', 27017) server_type: Unknown, rtt: None, error=AutoReconnect('ac-idvu2ff-shard-00-01.z9yxifc.mongodb.net:27017: [Errno 11001] getaddrinfo failed (configured timeouts: socketTimeoutMS: 20000.0ms, connectTimeoutMS: 20000.0ms)')>, <ServerDescription ('ac-idvu2ff-shard-00-02.z9yxifc.mongodb.net', 27017) server_type: Unknown, rtt: None, error=AutoReconnect('ac-idvu2ff-shard-00-02.z9yxifc.mongodb.net:27017: [Errno 11001] getaddrinfo failed (configured timeouts: socketTimeoutMS: 20000.0ms, connectTimeoutMS: 20000.0ms)')>]>
2026-06-02 14:12:57,977 | ERROR | server | - | stuck-run cleanup loop crashed; will retry next interval
Traceback (most recent call last):
  File "C:\Internship\ai-testing-platform\backend\server.py", line 251, in _stuck_run_cleanup_loop
    stuck_records = list(stuck_cursor)
                    ^^^^^^^^^^^^^^^^^^
  File "C:\Internship\ai-testing-platform\.venv\Lib\site-packages\pymongo\synchronous\cursor.py", line 1166, in __next__
    return self.next()
           ^^^^^^^^^^^
  File "C:\Internship\ai-testing-platform\.venv\Lib\site-packages\pymongo\synchronous\cursor.py", line 1142, in next
    if len(self._data) or self._refresh():
                          ^^^^^^^^^^^^^^^
  File "C:\Internship\ai-testing-platform\.venv\Lib\site-packages\pymongo\synchronous\cursor.py", line 1090, in _refresh
    self._send_message(q)
  File "C:\Internship\ai-testing-platform\.venv\Lib\site-packages\pymongo\synchronous\cursor.py", line 985, in _send_message
    response = client._run_operation(
               ^^^^^^^^^^^^^^^^^^^^^^
  File "C:\Internship\ai-testing-platform\.venv\Lib\site-packages\pymongo\_csot.py", line 125, in csot_wrapper
    return func(self, *args, **kwargs)
           ^^^^^^^^^^^^^^^^^^^^^^^^^^^
  File "C:\Internship\ai-testing-platform\.venv\Lib\site-packages\pymongo\synchronous\mongo_client.py", line 1956, in _run_operation
    return self._retryable_read(
           ^^^^^^^^^^^^^^^^^^^^^
  File "C:\Internship\ai-testing-platform\.venv\Lib\site-packages\pymongo\synchronous\mongo_client.py", line 2076, in _retryable_read
    return self._retry_internal(
           ^^^^^^^^^^^^^^^^^^^^^
  File "C:\Internship\ai-testing-platform\.venv\Lib\site-packages\pymongo\_csot.py", line 125, in csot_wrapper
    return func(self, *args, **kwargs)
           ^^^^^^^^^^^^^^^^^^^^^^^^^^^
  File "C:\Internship\ai-testing-platform\.venv\Lib\site-packages\pymongo\synchronous\mongo_client.py", line 2038, in _retry_internal
    ).run()
      ^^^^^
  File "C:\Internship\ai-testing-platform\.venv\Lib\site-packages\pymongo\synchronous\mongo_client.py", line 2811, in run
    res = self._read() if self._is_read else self._write()
          ^^^^^^^^^^^^
  File "C:\Internship\ai-testing-platform\.venv\Lib\site-packages\pymongo\synchronous\mongo_client.py", line 3027, in _read
    self._server = self._get_server()
                   ^^^^^^^^^^^^^^^^^^
  File "C:\Internship\ai-testing-platform\.venv\Lib\site-packages\pymongo\synchronous\mongo_client.py", line 2975, in _get_server
    return self._client._select_server(
           ^^^^^^^^^^^^^^^^^^^^^^^^^^^^
  File "C:\Internship\ai-testing-platform\.venv\Lib\site-packages\pymongo\synchronous\mongo_client.py", line 1851, in _select_server
    server = topology.select_server(
             ^^^^^^^^^^^^^^^^^^^^^^^
  File "C:\Internship\ai-testing-platform\.venv\Lib\site-packages\pymongo\synchronous\topology.py", line 428, in select_server
    server = self._select_server(
             ^^^^^^^^^^^^^^^^^^^^
  File "C:\Internship\ai-testing-platform\.venv\Lib\site-packages\pymongo\synchronous\topology.py", line 402, in _select_server
    servers = self.select_servers(
              ^^^^^^^^^^^^^^^^^^^^
  File "C:\Internship\ai-testing-platform\.venv\Lib\site-packages\pymongo\synchronous\topology.py", line 298, in select_servers
    server_descriptions = self._select_servers_loop(
                          ^^^^^^^^^^^^^^^^^^^^^^^^^^
  File "C:\Internship\ai-testing-platform\.venv\Lib\site-packages\pymongo\synchronous\topology.py", line 359, in _select_servers_loop
    raise ServerSelectionTimeoutError(
pymongo.errors.ServerSelectionTimeoutError: ac-idvu2ff-shard-00-00.z9yxifc.mongodb.net:27017: [Errno 11001] getaddrinfo failed (configured timeouts: socketTimeoutMS: 20000.0ms, connectTimeoutMS: 20000.0ms),ac-idvu2ff-shard-00-01.z9yxifc.mongodb.net:27017: [Errno 11001] getaddrinfo failed (configured timeouts: socketTimeoutMS: 20000.0ms, connectTimeoutMS: 20000.0ms),ac-idvu2ff-shard-00-02.z9yxifc.mongodb.net:27017: [Errno 11001] getaddrinfo failed (configured timeouts: socketTimeoutMS: 20000.0ms, connectTimeoutMS: 20000.0ms), Timeout: 30s, Topology Description: <TopologyDescription id: 6a1e8534f0ea977cee491f96, topology_type: ReplicaSetNoPrimary, servers: [<ServerDescription ('ac-idvu2ff-shard-00-00.z9yxifc.mongodb.net', 27017) server_type: Unknown, rtt: None, error=AutoReconnect('ac-idvu2ff-shard-00-00.z9yxifc.mongodb.net:27017: [Errno 11001] getaddrinfo failed (configured timeouts: socketTimeoutMS: 20000.0ms, connectTimeoutMS: 20000.0ms)')>, <ServerDescription ('ac-idvu2ff-shard-00-01.z9yxifc.mongodb.net', 27017) server_type: Unknown, rtt: None, error=AutoReconnect('ac-idvu2ff-shard-00-01.z9yxifc.mongodb.net:27017: [Errno 11001] getaddrinfo failed (configured timeouts: socketTimeoutMS: 20000.0ms, connectTimeoutMS: 20000.0ms)')>, <ServerDescription ('ac-idvu2ff-shard-00-02.z9yxifc.mongodb.net', 27017) server_type: Unknown, rtt: None, error=AutoReconnect('ac-idvu2ff-shard-00-02.z9yxifc.mongodb.net:27017: [Errno 11001] getaddrinfo failed (configured timeouts: socketTimeoutMS: 20000.0ms, connectTimeoutMS: 20000.0ms)')>]>
2026-06-02 14:14:28,462 | ERROR | server | - | stuck-run cleanup loop crashed; will retry next interval
Traceback (most recent call last):
  File "C:\Internship\ai-testing-platform\backend\server.py", line 251, in _stuck_run_cleanup_loop
    stuck_records = list(stuck_cursor)
                    ^^^^^^^^^^^^^^^^^^
  File "C:\Internship\ai-testing-platform\.venv\Lib\site-packages\pymongo\synchronous\cursor.py", line 1166, in __next__
    return self.next()
           ^^^^^^^^^^^
  File "C:\Internship\ai-testing-platform\.venv\Lib\site-packages\pymongo\synchronous\cursor.py", line 1142, in next
    if len(self._data) or self._refresh():
                          ^^^^^^^^^^^^^^^
  File "C:\Internship\ai-testing-platform\.venv\Lib\site-packages\pymongo\synchronous\cursor.py", line 1090, in _refresh
    self._send_message(q)
  File "C:\Internship\ai-testing-platform\.venv\Lib\site-packages\pymongo\synchronous\cursor.py", line 985, in _send_message
    response = client._run_operation(
               ^^^^^^^^^^^^^^^^^^^^^^
  File "C:\Internship\ai-testing-platform\.venv\Lib\site-packages\pymongo\_csot.py", line 125, in csot_wrapper
    return func(self, *args, **kwargs)
           ^^^^^^^^^^^^^^^^^^^^^^^^^^^
  File "C:\Internship\ai-testing-platform\.venv\Lib\site-packages\pymongo\synchronous\mongo_client.py", line 1956, in _run_operation
    return self._retryable_read(
           ^^^^^^^^^^^^^^^^^^^^^
  File "C:\Internship\ai-testing-platform\.venv\Lib\site-packages\pymongo\synchronous\mongo_client.py", line 2076, in _retryable_read
    return self._retry_internal(
           ^^^^^^^^^^^^^^^^^^^^^
  File "C:\Internship\ai-testing-platform\.venv\Lib\site-packages\pymongo\_csot.py", line 125, in csot_wrapper
    return func(self, *args, **kwargs)
           ^^^^^^^^^^^^^^^^^^^^^^^^^^^
  File "C:\Internship\ai-testing-platform\.venv\Lib\site-packages\pymongo\synchronous\mongo_client.py", line 2038, in _retry_internal
    ).run()
      ^^^^^
  File "C:\Internship\ai-testing-platform\.venv\Lib\site-packages\pymongo\synchronous\mongo_client.py", line 2811, in run
    res = self._read() if self._is_read else self._write()
          ^^^^^^^^^^^^
  File "C:\Internship\ai-testing-platform\.venv\Lib\site-packages\pymongo\synchronous\mongo_client.py", line 3027, in _read
    self._server = self._get_server()
                   ^^^^^^^^^^^^^^^^^^
  File "C:\Internship\ai-testing-platform\.venv\Lib\site-packages\pymongo\synchronous\mongo_client.py", line 2975, in _get_server
    return self._client._select_server(
           ^^^^^^^^^^^^^^^^^^^^^^^^^^^^
  File "C:\Internship\ai-testing-platform\.venv\Lib\site-packages\pymongo\synchronous\mongo_client.py", line 1851, in _select_server
    server = topology.select_server(
             ^^^^^^^^^^^^^^^^^^^^^^^
  File "C:\Internship\ai-testing-platform\.venv\Lib\site-packages\pymongo\synchronous\topology.py", line 428, in select_server
    server = self._select_server(
             ^^^^^^^^^^^^^^^^^^^^
  File "C:\Internship\ai-testing-platform\.venv\Lib\site-packages\pymongo\synchronous\topology.py", line 402, in _select_server
    servers = self.select_servers(
              ^^^^^^^^^^^^^^^^^^^^
  File "C:\Internship\ai-testing-platform\.venv\Lib\site-packages\pymongo\synchronous\topology.py", line 298, in select_servers
    server_descriptions = self._select_servers_loop(
                          ^^^^^^^^^^^^^^^^^^^^^^^^^^
  File "C:\Internship\ai-testing-platform\.venv\Lib\site-packages\pymongo\synchronous\topology.py", line 359, in _select_servers_loop
    raise ServerSelectionTimeoutError(
pymongo.errors.ServerSelectionTimeoutError: ac-idvu2ff-shard-00-00.z9yxifc.mongodb.net:27017: [Errno 11001] getaddrinfo failed (configured timeouts: socketTimeoutMS: 20000.0ms, connectTimeoutMS: 20000.0ms),ac-idvu2ff-shard-00-01.z9yxifc.mongodb.net:27017: [Errno 11001] getaddrinfo failed (configured timeouts: socketTimeoutMS: 20000.0ms, connectTimeoutMS: 20000.0ms),ac-idvu2ff-shard-00-02.z9yxifc.mongodb.net:27017: [Errno 11001] getaddrinfo failed (configured timeouts: socketTimeoutMS: 20000.0ms, connectTimeoutMS: 20000.0ms), Timeout: 30s, Topology Description: <TopologyDescription id: 6a1e8534f0ea977cee491f96, topology_type: ReplicaSetNoPrimary, servers: [<ServerDescription ('ac-idvu2ff-shard-00-00.z9yxifc.mongodb.net', 27017) server_type: Unknown, rtt: None, error=AutoReconnect('ac-idvu2ff-shard-00-00.z9yxifc.mongodb.net:27017: [Errno 11001] getaddrinfo failed (configured timeouts: socketTimeoutMS: 20000.0ms, connectTimeoutMS: 20000.0ms)')>, <ServerDescription ('ac-idvu2ff-shard-00-01.z9yxifc.mongodb.net', 27017) server_type: Unknown, rtt: None, error=AutoReconnect('ac-idvu2ff-shard-00-01.z9yxifc.mongodb.net:27017: [Errno 11001] getaddrinfo failed (configured timeouts: socketTimeoutMS: 20000.0ms, connectTimeoutMS: 20000.0ms)')>, <ServerDescription ('ac-idvu2ff-shard-00-02.z9yxifc.mongodb.net', 27017) server_type: Unknown, rtt: None, error=AutoReconnect('ac-idvu2ff-shard-00-02.z9yxifc.mongodb.net:27017: [Errno 11001] getaddrinfo failed (configured timeouts: socketTimeoutMS: 20000.0ms, connectTimeoutMS: 20000.0ms)')>]>
2026-06-02 14:20:27,235 | ERROR | server | - | stuck-run cleanup loop crashed; will retry next interval
Traceback (most recent call last):
  File "C:\Internship\ai-testing-platform\backend\server.py", line 251, in _stuck_run_cleanup_loop
    stuck_records = list(stuck_cursor)
                    ^^^^^^^^^^^^^^^^^^
  File "C:\Internship\ai-testing-platform\.venv\Lib\site-packages\pymongo\synchronous\cursor.py", line 1166, in __next__
    return self.next()
           ^^^^^^^^^^^
  File "C:\Internship\ai-testing-platform\.venv\Lib\site-packages\pymongo\synchronous\cursor.py", line 1142, in next
    if len(self._data) or self._refresh():
                          ^^^^^^^^^^^^^^^
  File "C:\Internship\ai-testing-platform\.venv\Lib\site-packages\pymongo\synchronous\cursor.py", line 1090, in _refresh
    self._send_message(q)
  File "C:\Internship\ai-testing-platform\.venv\Lib\site-packages\pymongo\synchronous\cursor.py", line 985, in _send_message
    response = client._run_operation(
               ^^^^^^^^^^^^^^^^^^^^^^
  File "C:\Internship\ai-testing-platform\.venv\Lib\site-packages\pymongo\_csot.py", line 125, in csot_wrapper
    return func(self, *args, **kwargs)
           ^^^^^^^^^^^^^^^^^^^^^^^^^^^
  File "C:\Internship\ai-testing-platform\.venv\Lib\site-packages\pymongo\synchronous\mongo_client.py", line 1956, in _run_operation
    return self._retryable_read(
           ^^^^^^^^^^^^^^^^^^^^^
  File "C:\Internship\ai-testing-platform\.venv\Lib\site-packages\pymongo\synchronous\mongo_client.py", line 2076, in _retryable_read
    return self._retry_internal(
           ^^^^^^^^^^^^^^^^^^^^^
  File "C:\Internship\ai-testing-platform\.venv\Lib\site-packages\pymongo\_csot.py", line 125, in csot_wrapper
    return func(self, *args, **kwargs)
           ^^^^^^^^^^^^^^^^^^^^^^^^^^^
  File "C:\Internship\ai-testing-platform\.venv\Lib\site-packages\pymongo\synchronous\mongo_client.py", line 2038, in _retry_internal
    ).run()
      ^^^^^
  File "C:\Internship\ai-testing-platform\.venv\Lib\site-packages\pymongo\synchronous\mongo_client.py", line 2811, in run
    res = self._read() if self._is_read else self._write()
          ^^^^^^^^^^^^
  File "C:\Internship\ai-testing-platform\.venv\Lib\site-packages\pymongo\synchronous\mongo_client.py", line 3027, in _read
    self._server = self._get_server()
                   ^^^^^^^^^^^^^^^^^^
  File "C:\Internship\ai-testing-platform\.venv\Lib\site-packages\pymongo\synchronous\mongo_client.py", line 2975, in _get_server
    return self._client._select_server(
           ^^^^^^^^^^^^^^^^^^^^^^^^^^^^
  File "C:\Internship\ai-testing-platform\.venv\Lib\site-packages\pymongo\synchronous\mongo_client.py", line 1851, in _select_server
    server = topology.select_server(
             ^^^^^^^^^^^^^^^^^^^^^^^
  File "C:\Internship\ai-testing-platform\.venv\Lib\site-packages\pymongo\synchronous\topology.py", line 428, in select_server
    server = self._select_server(
             ^^^^^^^^^^^^^^^^^^^^
  File "C:\Internship\ai-testing-platform\.venv\Lib\site-packages\pymongo\synchronous\topology.py", line 402, in _select_server
    servers = self.select_servers(
              ^^^^^^^^^^^^^^^^^^^^
  File "C:\Internship\ai-testing-platform\.venv\Lib\site-packages\pymongo\synchronous\topology.py", line 298, in select_servers
    server_descriptions = self._select_servers_loop(
                          ^^^^^^^^^^^^^^^^^^^^^^^^^^
  File "C:\Internship\ai-testing-platform\.venv\Lib\site-packages\pymongo\synchronous\topology.py", line 359, in _select_servers_loop
    raise ServerSelectionTimeoutError(
pymongo.errors.ServerSelectionTimeoutError: ac-idvu2ff-shard-00-00.z9yxifc.mongodb.net:27017: [Errno 11001] getaddrinfo failed (configured timeouts: socketTimeoutMS: 20000.0ms, connectTimeoutMS: 20000.0ms),ac-idvu2ff-shard-00-01.z9yxifc.mongodb.net:27017: [Errno 11001] getaddrinfo failed (configured timeouts: socketTimeoutMS: 20000.0ms, connectTimeoutMS: 20000.0ms),ac-idvu2ff-shard-00-02.z9yxifc.mongodb.net:27017: [Errno 11001] getaddrinfo failed (configured timeouts: socketTimeoutMS: 20000.0ms, connectTimeoutMS: 20000.0ms), Timeout: 30s, Topology Description: <TopologyDescription id: 6a1e8534f0ea977cee491f96, topology_type: ReplicaSetNoPrimary, servers: [<ServerDescription ('ac-idvu2ff-shard-00-00.z9yxifc.mongodb.net', 27017) server_type: Unknown, rtt: None, error=AutoReconnect('ac-idvu2ff-shard-00-00.z9yxifc.mongodb.net:27017: [Errno 11001] getaddrinfo failed (configured timeouts: socketTimeoutMS: 20000.0ms, connectTimeoutMS: 20000.0ms)')>, <ServerDescription ('ac-idvu2ff-shard-00-01.z9yxifc.mongodb.net', 27017) server_type: Unknown, rtt: None, error=AutoReconnect('ac-idvu2ff-shard-00-01.z9yxifc.mongodb.net:27017: [Errno 11001] getaddrinfo failed (configured timeouts: socketTimeoutMS: 20000.0ms, connectTimeoutMS: 20000.0ms)')>, <ServerDescription ('ac-idvu2ff-shard-00-02.z9yxifc.mongodb.net', 27017) server_type: Unknown, rtt: None, error=AutoReconnect('ac-idvu2ff-shard-00-02.z9yxifc.mongodb.net:27017: [Errno 11001] getaddrinfo failed (configured timeouts: socketTimeoutMS: 20000.0ms, connectTimeoutMS: 20000.0ms)')>]>
2026-06-02 14:21:57,528 | ERROR | server | - | stuck-run cleanup loop crashed; will retry next interval
Traceback (most recent call last):
  File "C:\Internship\ai-testing-platform\backend\server.py", line 251, in _stuck_run_cleanup_loop
    stuck_records = list(stuck_cursor)
                    ^^^^^^^^^^^^^^^^^^
  File "C:\Internship\ai-testing-platform\.venv\Lib\site-packages\pymongo\synchronous\cursor.py", line 1166, in __next__
    return self.next()
           ^^^^^^^^^^^
  File "C:\Internship\ai-testing-platform\.venv\Lib\site-packages\pymongo\synchronous\cursor.py", line 1142, in next
    if len(self._data) or self._refresh():
                          ^^^^^^^^^^^^^^^
  File "C:\Internship\ai-testing-platform\.venv\Lib\site-packages\pymongo\synchronous\cursor.py", line 1090, in _refresh
    self._send_message(q)
  File "C:\Internship\ai-testing-platform\.venv\Lib\site-packages\pymongo\synchronous\cursor.py", line 985, in _send_message
    response = client._run_operation(
               ^^^^^^^^^^^^^^^^^^^^^^
  File "C:\Internship\ai-testing-platform\.venv\Lib\site-packages\pymongo\_csot.py", line 125, in csot_wrapper
    return func(self, *args, **kwargs)
           ^^^^^^^^^^^^^^^^^^^^^^^^^^^
  File "C:\Internship\ai-testing-platform\.venv\Lib\site-packages\pymongo\synchronous\mongo_client.py", line 1956, in _run_operation
    return self._retryable_read(
           ^^^^^^^^^^^^^^^^^^^^^
  File "C:\Internship\ai-testing-platform\.venv\Lib\site-packages\pymongo\synchronous\mongo_client.py", line 2076, in _retryable_read
    return self._retry_internal(
           ^^^^^^^^^^^^^^^^^^^^^
  File "C:\Internship\ai-testing-platform\.venv\Lib\site-packages\pymongo\_csot.py", line 125, in csot_wrapper
    return func(self, *args, **kwargs)
           ^^^^^^^^^^^^^^^^^^^^^^^^^^^
  File "C:\Internship\ai-testing-platform\.venv\Lib\site-packages\pymongo\synchronous\mongo_client.py", line 2038, in _retry_internal
    ).run()
      ^^^^^
  File "C:\Internship\ai-testing-platform\.venv\Lib\site-packages\pymongo\synchronous\mongo_client.py", line 2811, in run
    res = self._read() if self._is_read else self._write()
          ^^^^^^^^^^^^
  File "C:\Internship\ai-testing-platform\.venv\Lib\site-packages\pymongo\synchronous\mongo_client.py", line 3027, in _read
    self._server = self._get_server()
                   ^^^^^^^^^^^^^^^^^^
  File "C:\Internship\ai-testing-platform\.venv\Lib\site-packages\pymongo\synchronous\mongo_client.py", line 2975, in _get_server
    return self._client._select_server(
           ^^^^^^^^^^^^^^^^^^^^^^^^^^^^
  File "C:\Internship\ai-testing-platform\.venv\Lib\site-packages\pymongo\synchronous\mongo_client.py", line 1851, in _select_server
    server = topology.select_server(
             ^^^^^^^^^^^^^^^^^^^^^^^
  File "C:\Internship\ai-testing-platform\.venv\Lib\site-packages\pymongo\synchronous\topology.py", line 428, in select_server
    server = self._select_server(
             ^^^^^^^^^^^^^^^^^^^^
  File "C:\Internship\ai-testing-platform\.venv\Lib\site-packages\pymongo\synchronous\topology.py", line 402, in _select_server
    servers = self.select_servers(
              ^^^^^^^^^^^^^^^^^^^^
  File "C:\Internship\ai-testing-platform\.venv\Lib\site-packages\pymongo\synchronous\topology.py", line 298, in select_servers
    server_descriptions = self._select_servers_loop(
                          ^^^^^^^^^^^^^^^^^^^^^^^^^^
  File "C:\Internship\ai-testing-platform\.venv\Lib\site-packages\pymongo\synchronous\topology.py", line 359, in _select_servers_loop
    raise ServerSelectionTimeoutError(
pymongo.errors.ServerSelectionTimeoutError: ac-idvu2ff-shard-00-00.z9yxifc.mongodb.net:27017: [Errno 11001] getaddrinfo failed (configured timeouts: socketTimeoutMS: 20000.0ms, connectTimeoutMS: 20000.0ms),ac-idvu2ff-shard-00-01.z9yxifc.mongodb.net:27017: [Errno 11001] getaddrinfo failed (configured timeouts: socketTimeoutMS: 20000.0ms, connectTimeoutMS: 20000.0ms),ac-idvu2ff-shard-00-02.z9yxifc.mongodb.net:27017: [Errno 11001] getaddrinfo failed (configured timeouts: socketTimeoutMS: 20000.0ms, connectTimeoutMS: 20000.0ms), Timeout: 30s, Topology Description: <TopologyDescription id: 6a1e8534f0ea977cee491f96, topology_type: ReplicaSetNoPrimary, servers: [<ServerDescription ('ac-idvu2ff-shard-00-00.z9yxifc.mongodb.net', 27017) server_type: Unknown, rtt: None, error=AutoReconnect('ac-idvu2ff-shard-00-00.z9yxifc.mongodb.net:27017: [Errno 11001] getaddrinfo failed (configured timeouts: socketTimeoutMS: 20000.0ms, connectTimeoutMS: 20000.0ms)')>, <ServerDescription ('ac-idvu2ff-shard-00-01.z9yxifc.mongodb.net', 27017) server_type: Unknown, rtt: None, error=AutoReconnect('ac-idvu2ff-shard-00-01.z9yxifc.mongodb.net:27017: [Errno 11001] getaddrinfo failed (configured timeouts: socketTimeoutMS: 20000.0ms, connectTimeoutMS: 20000.0ms)')>, <ServerDescription ('ac-idvu2ff-shard-00-02.z9yxifc.mongodb.net', 27017) server_type: Unknown, rtt: None, error=AutoReconnect('ac-idvu2ff-shard-00-02.z9yxifc.mongodb.net:27017: [Errno 11001] getaddrinfo failed (configured timeouts: socketTimeoutMS: 20000.0ms, connectTimeoutMS: 20000.0ms)')>]>
2026-06-02 14:23:27,948 | ERROR | server | - | stuck-run cleanup loop crashed; will retry next interval
Traceback (most recent call last):
  File "C:\Internship\ai-testing-platform\backend\server.py", line 251, in _stuck_run_cleanup_loop
    stuck_records = list(stuck_cursor)
                    ^^^^^^^^^^^^^^^^^^
  File "C:\Internship\ai-testing-platform\.venv\Lib\site-packages\pymongo\synchronous\cursor.py", line 1166, in __next__
    return self.next()
           ^^^^^^^^^^^
  File "C:\Internship\ai-testing-platform\.venv\Lib\site-packages\pymongo\synchronous\cursor.py", line 1142, in next
    if len(self._data) or self._refresh():
                          ^^^^^^^^^^^^^^^
  File "C:\Internship\ai-testing-platform\.venv\Lib\site-packages\pymongo\synchronous\cursor.py", line 1090, in _refresh
    self._send_message(q)
  File "C:\Internship\ai-testing-platform\.venv\Lib\site-packages\pymongo\synchronous\cursor.py", line 985, in _send_message
    response = client._run_operation(
               ^^^^^^^^^^^^^^^^^^^^^^
  File "C:\Internship\ai-testing-platform\.venv\Lib\site-packages\pymongo\_csot.py", line 125, in csot_wrapper
    return func(self, *args, **kwargs)
           ^^^^^^^^^^^^^^^^^^^^^^^^^^^
  File "C:\Internship\ai-testing-platform\.venv\Lib\site-packages\pymongo\synchronous\mongo_client.py", line 1956, in _run_operation
    return self._retryable_read(
           ^^^^^^^^^^^^^^^^^^^^^
  File "C:\Internship\ai-testing-platform\.venv\Lib\site-packages\pymongo\synchronous\mongo_client.py", line 2076, in _retryable_read
    return self._retry_internal(
           ^^^^^^^^^^^^^^^^^^^^^
  File "C:\Internship\ai-testing-platform\.venv\Lib\site-packages\pymongo\_csot.py", line 125, in csot_wrapper
    return func(self, *args, **kwargs)
           ^^^^^^^^^^^^^^^^^^^^^^^^^^^
  File "C:\Internship\ai-testing-platform\.venv\Lib\site-packages\pymongo\synchronous\mongo_client.py", line 2038, in _retry_internal
    ).run()
      ^^^^^
  File "C:\Internship\ai-testing-platform\.venv\Lib\site-packages\pymongo\synchronous\mongo_client.py", line 2811, in run
    res = self._read() if self._is_read else self._write()
          ^^^^^^^^^^^^
  File "C:\Internship\ai-testing-platform\.venv\Lib\site-packages\pymongo\synchronous\mongo_client.py", line 3027, in _read
    self._server = self._get_server()
                   ^^^^^^^^^^^^^^^^^^
  File "C:\Internship\ai-testing-platform\.venv\Lib\site-packages\pymongo\synchronous\mongo_client.py", line 2975, in _get_server
    return self._client._select_server(
           ^^^^^^^^^^^^^^^^^^^^^^^^^^^^
  File "C:\Internship\ai-testing-platform\.venv\Lib\site-packages\pymongo\synchronous\mongo_client.py", line 1851, in _select_server
    server = topology.select_server(
             ^^^^^^^^^^^^^^^^^^^^^^^
  File "C:\Internship\ai-testing-platform\.venv\Lib\site-packages\pymongo\synchronous\topology.py", line 428, in select_server
    server = self._select_server(
             ^^^^^^^^^^^^^^^^^^^^
  File "C:\Internship\ai-testing-platform\.venv\Lib\site-packages\pymongo\synchronous\topology.py", line 402, in _select_server
    servers = self.select_servers(
              ^^^^^^^^^^^^^^^^^^^^
  File "C:\Internship\ai-testing-platform\.venv\Lib\site-packages\pymongo\synchronous\topology.py", line 298, in select_servers
    server_descriptions = self._select_servers_loop(
                          ^^^^^^^^^^^^^^^^^^^^^^^^^^
  File "C:\Internship\ai-testing-platform\.venv\Lib\site-packages\pymongo\synchronous\topology.py", line 359, in _select_servers_loop
    raise ServerSelectionTimeoutError(
pymongo.errors.ServerSelectionTimeoutError: ac-idvu2ff-shard-00-00.z9yxifc.mongodb.net:27017: [Errno 11001] getaddrinfo failed (configured timeouts: socketTimeoutMS: 20000.0ms, connectTimeoutMS: 20000.0ms),ac-idvu2ff-shard-00-01.z9yxifc.mongodb.net:27017: [Errno 11001] getaddrinfo failed (configured timeouts: socketTimeoutMS: 20000.0ms, connectTimeoutMS: 20000.0ms),ac-idvu2ff-shard-00-02.z9yxifc.mongodb.net:27017: [Errno 11001] getaddrinfo failed (configured timeouts: socketTimeoutMS: 20000.0ms, connectTimeoutMS: 20000.0ms), Timeout: 30s, Topology Description: <TopologyDescription id: 6a1e8534f0ea977cee491f96, topology_type: ReplicaSetNoPrimary, servers: [<ServerDescription ('ac-idvu2ff-shard-00-00.z9yxifc.mongodb.net', 27017) server_type: Unknown, rtt: None, error=AutoReconnect('ac-idvu2ff-shard-00-00.z9yxifc.mongodb.net:27017: [Errno 11001] getaddrinfo failed (configured timeouts: socketTimeoutMS: 20000.0ms, connectTimeoutMS: 20000.0ms)')>, <ServerDescription ('ac-idvu2ff-shard-00-01.z9yxifc.mongodb.net', 27017) server_type: Unknown, rtt: None, error=AutoReconnect('ac-idvu2ff-shard-00-01.z9yxifc.mongodb.net:27017: [Errno 11001] getaddrinfo failed (configured timeouts: socketTimeoutMS: 20000.0ms, connectTimeoutMS: 20000.0ms)')>, <ServerDescription ('ac-idvu2ff-shard-00-02.z9yxifc.mongodb.net', 27017) server_type: Unknown, rtt: None, error=AutoReconnect('ac-idvu2ff-shard-00-02.z9yxifc.mongodb.net:27017: [Errno 11001] getaddrinfo failed (configured timeouts: socketTimeoutMS: 20000.0ms, connectTimeoutMS: 20000.0ms)')>]>
2026-06-02 14:24:58,060 | ERROR | server | - | stuck-run cleanup loop crashed; will retry next interval
Traceback (most recent call last):
  File "C:\Internship\ai-testing-platform\backend\server.py", line 251, in _stuck_run_cleanup_loop
    stuck_records = list(stuck_cursor)
                    ^^^^^^^^^^^^^^^^^^
  File "C:\Internship\ai-testing-platform\.venv\Lib\site-packages\pymongo\synchronous\cursor.py", line 1166, in __next__
    return self.next()
           ^^^^^^^^^^^
  File "C:\Internship\ai-testing-platform\.venv\Lib\site-packages\pymongo\synchronous\cursor.py", line 1142, in next
    if len(self._data) or self._refresh():
                          ^^^^^^^^^^^^^^^
  File "C:\Internship\ai-testing-platform\.venv\Lib\site-packages\pymongo\synchronous\cursor.py", line 1090, in _refresh
    self._send_message(q)
  File "C:\Internship\ai-testing-platform\.venv\Lib\site-packages\pymongo\synchronous\cursor.py", line 985, in _send_message
    response = client._run_operation(
               ^^^^^^^^^^^^^^^^^^^^^^
  File "C:\Internship\ai-testing-platform\.venv\Lib\site-packages\pymongo\_csot.py", line 125, in csot_wrapper
    return func(self, *args, **kwargs)
           ^^^^^^^^^^^^^^^^^^^^^^^^^^^
  File "C:\Internship\ai-testing-platform\.venv\Lib\site-packages\pymongo\synchronous\mongo_client.py", line 1956, in _run_operation
    return self._retryable_read(
           ^^^^^^^^^^^^^^^^^^^^^
  File "C:\Internship\ai-testing-platform\.venv\Lib\site-packages\pymongo\synchronous\mongo_client.py", line 2076, in _retryable_read
    return self._retry_internal(
           ^^^^^^^^^^^^^^^^^^^^^
  File "C:\Internship\ai-testing-platform\.venv\Lib\site-packages\pymongo\_csot.py", line 125, in csot_wrapper
    return func(self, *args, **kwargs)
           ^^^^^^^^^^^^^^^^^^^^^^^^^^^
  File "C:\Internship\ai-testing-platform\.venv\Lib\site-packages\pymongo\synchronous\mongo_client.py", line 2038, in _retry_internal
    ).run()
      ^^^^^
  File "C:\Internship\ai-testing-platform\.venv\Lib\site-packages\pymongo\synchronous\mongo_client.py", line 2811, in run
    res = self._read() if self._is_read else self._write()
          ^^^^^^^^^^^^
  File "C:\Internship\ai-testing-platform\.venv\Lib\site-packages\pymongo\synchronous\mongo_client.py", line 3027, in _read
    self._server = self._get_server()
                   ^^^^^^^^^^^^^^^^^^
  File "C:\Internship\ai-testing-platform\.venv\Lib\site-packages\pymongo\synchronous\mongo_client.py", line 2975, in _get_server
    return self._client._select_server(
           ^^^^^^^^^^^^^^^^^^^^^^^^^^^^
  File "C:\Internship\ai-testing-platform\.venv\Lib\site-packages\pymongo\synchronous\mongo_client.py", line 1851, in _select_server
    server = topology.select_server(
             ^^^^^^^^^^^^^^^^^^^^^^^
  File "C:\Internship\ai-testing-platform\.venv\Lib\site-packages\pymongo\synchronous\topology.py", line 428, in select_server
    server = self._select_server(
             ^^^^^^^^^^^^^^^^^^^^
  File "C:\Internship\ai-testing-platform\.venv\Lib\site-packages\pymongo\synchronous\topology.py", line 402, in _select_server
    servers = self.select_servers(
              ^^^^^^^^^^^^^^^^^^^^
  File "C:\Internship\ai-testing-platform\.venv\Lib\site-packages\pymongo\synchronous\topology.py", line 298, in select_servers
    server_descriptions = self._select_servers_loop(
                          ^^^^^^^^^^^^^^^^^^^^^^^^^^
  File "C:\Internship\ai-testing-platform\.venv\Lib\site-packages\pymongo\synchronous\topology.py", line 359, in _select_servers_loop
    raise ServerSelectionTimeoutError(
pymongo.errors.ServerSelectionTimeoutError: ac-idvu2ff-shard-00-00.z9yxifc.mongodb.net:27017: [Errno 11001] getaddrinfo failed (configured timeouts: socketTimeoutMS: 20000.0ms, connectTimeoutMS: 20000.0ms),ac-idvu2ff-shard-00-01.z9yxifc.mongodb.net:27017: [Errno 11001] getaddrinfo failed (configured timeouts: socketTimeoutMS: 20000.0ms, connectTimeoutMS: 20000.0ms),ac-idvu2ff-shard-00-02.z9yxifc.mongodb.net:27017: [Errno 11001] getaddrinfo failed (configured timeouts: socketTimeoutMS: 20000.0ms, connectTimeoutMS: 20000.0ms), Timeout: 30s, Topology Description: <TopologyDescription id: 6a1e8534f0ea977cee491f96, topology_type: ReplicaSetNoPrimary, servers: [<ServerDescription ('ac-idvu2ff-shard-00-00.z9yxifc.mongodb.net', 27017) server_type: Unknown, rtt: None, error=AutoReconnect('ac-idvu2ff-shard-00-00.z9yxifc.mongodb.net:27017: [Errno 11001] getaddrinfo failed (configured timeouts: socketTimeoutMS: 20000.0ms, connectTimeoutMS: 20000.0ms)')>, <ServerDescription ('ac-idvu2ff-shard-00-01.z9yxifc.mongodb.net', 27017) server_type: Unknown, rtt: None, error=AutoReconnect('ac-idvu2ff-shard-00-01.z9yxifc.mongodb.net:27017: [Errno 11001] getaddrinfo failed (configured timeouts: socketTimeoutMS: 20000.0ms, connectTimeoutMS: 20000.0ms)')>, <ServerDescription ('ac-idvu2ff-shard-00-02.z9yxifc.mongodb.net', 27017) server_type: Unknown, rtt: None, error=AutoReconnect('ac-idvu2ff-shard-00-02.z9yxifc.mongodb.net:27017: [Errno 11001] getaddrinfo failed (configured timeouts: socketTimeoutMS: 20000.0ms, connectTimeoutMS: 20000.0ms)')>]>
2026-06-02 14:26:28,169 | ERROR | server | - | stuck-run cleanup loop crashed; will retry next interval
Traceback (most recent call last):
  File "C:\Internship\ai-testing-platform\backend\server.py", line 251, in _stuck_run_cleanup_loop
    stuck_records = list(stuck_cursor)
                    ^^^^^^^^^^^^^^^^^^
  File "C:\Internship\ai-testing-platform\.venv\Lib\site-packages\pymongo\synchronous\cursor.py", line 1166, in __next__
    return self.next()
           ^^^^^^^^^^^
  File "C:\Internship\ai-testing-platform\.venv\Lib\site-packages\pymongo\synchronous\cursor.py", line 1142, in next
    if len(self._data) or self._refresh():
                          ^^^^^^^^^^^^^^^
  File "C:\Internship\ai-testing-platform\.venv\Lib\site-packages\pymongo\synchronous\cursor.py", line 1090, in _refresh
    self._send_message(q)
  File "C:\Internship\ai-testing-platform\.venv\Lib\site-packages\pymongo\synchronous\cursor.py", line 985, in _send_message
    response = client._run_operation(
               ^^^^^^^^^^^^^^^^^^^^^^
  File "C:\Internship\ai-testing-platform\.venv\Lib\site-packages\pymongo\_csot.py", line 125, in csot_wrapper
    return func(self, *args, **kwargs)
           ^^^^^^^^^^^^^^^^^^^^^^^^^^^
  File "C:\Internship\ai-testing-platform\.venv\Lib\site-packages\pymongo\synchronous\mongo_client.py", line 1956, in _run_operation
    return self._retryable_read(
           ^^^^^^^^^^^^^^^^^^^^^
  File "C:\Internship\ai-testing-platform\.venv\Lib\site-packages\pymongo\synchronous\mongo_client.py", line 2076, in _retryable_read
    return self._retry_internal(
           ^^^^^^^^^^^^^^^^^^^^^
  File "C:\Internship\ai-testing-platform\.venv\Lib\site-packages\pymongo\_csot.py", line 125, in csot_wrapper
    return func(self, *args, **kwargs)
           ^^^^^^^^^^^^^^^^^^^^^^^^^^^
  File "C:\Internship\ai-testing-platform\.venv\Lib\site-packages\pymongo\synchronous\mongo_client.py", line 2038, in _retry_internal
    ).run()
      ^^^^^
  File "C:\Internship\ai-testing-platform\.venv\Lib\site-packages\pymongo\synchronous\mongo_client.py", line 2811, in run
    res = self._read() if self._is_read else self._write()
          ^^^^^^^^^^^^
  File "C:\Internship\ai-testing-platform\.venv\Lib\site-packages\pymongo\synchronous\mongo_client.py", line 3027, in _read
    self._server = self._get_server()
                   ^^^^^^^^^^^^^^^^^^
  File "C:\Internship\ai-testing-platform\.venv\Lib\site-packages\pymongo\synchronous\mongo_client.py", line 2975, in _get_server
    return self._client._select_server(
           ^^^^^^^^^^^^^^^^^^^^^^^^^^^^
  File "C:\Internship\ai-testing-platform\.venv\Lib\site-packages\pymongo\synchronous\mongo_client.py", line 1851, in _select_server
    server = topology.select_server(
             ^^^^^^^^^^^^^^^^^^^^^^^
  File "C:\Internship\ai-testing-platform\.venv\Lib\site-packages\pymongo\synchronous\topology.py", line 428, in select_server
    server = self._select_server(
             ^^^^^^^^^^^^^^^^^^^^
  File "C:\Internship\ai-testing-platform\.venv\Lib\site-packages\pymongo\synchronous\topology.py", line 402, in _select_server
    servers = self.select_servers(
              ^^^^^^^^^^^^^^^^^^^^
  File "C:\Internship\ai-testing-platform\.venv\Lib\site-packages\pymongo\synchronous\topology.py", line 298, in select_servers
    server_descriptions = self._select_servers_loop(
                          ^^^^^^^^^^^^^^^^^^^^^^^^^^
  File "C:\Internship\ai-testing-platform\.venv\Lib\site-packages\pymongo\synchronous\topology.py", line 359, in _select_servers_loop
    raise ServerSelectionTimeoutError(
pymongo.errors.ServerSelectionTimeoutError: ac-idvu2ff-shard-00-00.z9yxifc.mongodb.net:27017: [Errno 11001] getaddrinfo failed (configured timeouts: socketTimeoutMS: 20000.0ms, connectTimeoutMS: 20000.0ms),ac-idvu2ff-shard-00-01.z9yxifc.mongodb.net:27017: [Errno 11001] getaddrinfo failed (configured timeouts: socketTimeoutMS: 20000.0ms, connectTimeoutMS: 20000.0ms),ac-idvu2ff-shard-00-02.z9yxifc.mongodb.net:27017: [Errno 11001] getaddrinfo failed (configured timeouts: socketTimeoutMS: 20000.0ms, connectTimeoutMS: 20000.0ms), Timeout: 30s, Topology Description: <TopologyDescription id: 6a1e8534f0ea977cee491f96, topology_type: ReplicaSetNoPrimary, servers: [<ServerDescription ('ac-idvu2ff-shard-00-00.z9yxifc.mongodb.net', 27017) server_type: Unknown, rtt: None, error=AutoReconnect('ac-idvu2ff-shard-00-00.z9yxifc.mongodb.net:27017: [Errno 11001] getaddrinfo failed (configured timeouts: socketTimeoutMS: 20000.0ms, connectTimeoutMS: 20000.0ms)')>, <ServerDescription ('ac-idvu2ff-shard-00-01.z9yxifc.mongodb.net', 27017) server_type: Unknown, rtt: None, error=AutoReconnect('ac-idvu2ff-shard-00-01.z9yxifc.mongodb.net:27017: [Errno 11001] getaddrinfo failed (configured timeouts: socketTimeoutMS: 20000.0ms, connectTimeoutMS: 20000.0ms)')>, <ServerDescription ('ac-idvu2ff-shard-00-02.z9yxifc.mongodb.net', 27017) server_type: Unknown, rtt: None, error=AutoReconnect('ac-idvu2ff-shard-00-02.z9yxifc.mongodb.net:27017: [Errno 11001] getaddrinfo failed (configured timeouts: socketTimeoutMS: 20000.0ms, connectTimeoutMS: 20000.0ms)')>]>
2026-06-02 14:27:58,244 | ERROR | server | - | stuck-run cleanup loop crashed; will retry next interval
Traceback (most recent call last):
  File "C:\Internship\ai-testing-platform\backend\server.py", line 251, in _stuck_run_cleanup_loop
    stuck_records = list(stuck_cursor)
                    ^^^^^^^^^^^^^^^^^^
  File "C:\Internship\ai-testing-platform\.venv\Lib\site-packages\pymongo\synchronous\cursor.py", line 1166, in __next__
    return self.next()
           ^^^^^^^^^^^
  File "C:\Internship\ai-testing-platform\.venv\Lib\site-packages\pymongo\synchronous\cursor.py", line 1142, in next
    if len(self._data) or self._refresh():
                          ^^^^^^^^^^^^^^^
  File "C:\Internship\ai-testing-platform\.venv\Lib\site-packages\pymongo\synchronous\cursor.py", line 1090, in _refresh
    self._send_message(q)
  File "C:\Internship\ai-testing-platform\.venv\Lib\site-packages\pymongo\synchronous\cursor.py", line 985, in _send_message
    response = client._run_operation(
               ^^^^^^^^^^^^^^^^^^^^^^
  File "C:\Internship\ai-testing-platform\.venv\Lib\site-packages\pymongo\_csot.py", line 125, in csot_wrapper
    return func(self, *args, **kwargs)
           ^^^^^^^^^^^^^^^^^^^^^^^^^^^
  File "C:\Internship\ai-testing-platform\.venv\Lib\site-packages\pymongo\synchronous\mongo_client.py", line 1956, in _run_operation
    return self._retryable_read(
           ^^^^^^^^^^^^^^^^^^^^^
  File "C:\Internship\ai-testing-platform\.venv\Lib\site-packages\pymongo\synchronous\mongo_client.py", line 2076, in _retryable_read
    return self._retry_internal(
           ^^^^^^^^^^^^^^^^^^^^^
  File "C:\Internship\ai-testing-platform\.venv\Lib\site-packages\pymongo\_csot.py", line 125, in csot_wrapper
    return func(self, *args, **kwargs)
           ^^^^^^^^^^^^^^^^^^^^^^^^^^^
  File "C:\Internship\ai-testing-platform\.venv\Lib\site-packages\pymongo\synchronous\mongo_client.py", line 2038, in _retry_internal
    ).run()
      ^^^^^
  File "C:\Internship\ai-testing-platform\.venv\Lib\site-packages\pymongo\synchronous\mongo_client.py", line 2811, in run
    res = self._read() if self._is_read else self._write()
          ^^^^^^^^^^^^
  File "C:\Internship\ai-testing-platform\.venv\Lib\site-packages\pymongo\synchronous\mongo_client.py", line 3027, in _read
    self._server = self._get_server()
                   ^^^^^^^^^^^^^^^^^^
  File "C:\Internship\ai-testing-platform\.venv\Lib\site-packages\pymongo\synchronous\mongo_client.py", line 2975, in _get_server
    return self._client._select_server(
           ^^^^^^^^^^^^^^^^^^^^^^^^^^^^
  File "C:\Internship\ai-testing-platform\.venv\Lib\site-packages\pymongo\synchronous\mongo_client.py", line 1851, in _select_server
    server = topology.select_server(
             ^^^^^^^^^^^^^^^^^^^^^^^
  File "C:\Internship\ai-testing-platform\.venv\Lib\site-packages\pymongo\synchronous\topology.py", line 428, in select_server
    server = self._select_server(
             ^^^^^^^^^^^^^^^^^^^^
  File "C:\Internship\ai-testing-platform\.venv\Lib\site-packages\pymongo\synchronous\topology.py", line 402, in _select_server
    servers = self.select_servers(
              ^^^^^^^^^^^^^^^^^^^^
  File "C:\Internship\ai-testing-platform\.venv\Lib\site-packages\pymongo\synchronous\topology.py", line 298, in select_servers
    server_descriptions = self._select_servers_loop(
                          ^^^^^^^^^^^^^^^^^^^^^^^^^^
  File "C:\Internship\ai-testing-platform\.venv\Lib\site-packages\pymongo\synchronous\topology.py", line 359, in _select_servers_loop
    raise ServerSelectionTimeoutError(
pymongo.errors.ServerSelectionTimeoutError: ac-idvu2ff-shard-00-00.z9yxifc.mongodb.net:27017: [Errno 11001] getaddrinfo failed (configured timeouts: socketTimeoutMS: 20000.0ms, connectTimeoutMS: 20000.0ms),ac-idvu2ff-shard-00-01.z9yxifc.mongodb.net:27017: [Errno 11001] getaddrinfo failed (configured timeouts: socketTimeoutMS: 20000.0ms, connectTimeoutMS: 20000.0ms),ac-idvu2ff-shard-00-02.z9yxifc.mongodb.net:27017: [Errno 11001] getaddrinfo failed (configured timeouts: socketTimeoutMS: 20000.0ms, connectTimeoutMS: 20000.0ms), Timeout: 30s, Topology Description: <TopologyDescription id: 6a1e8534f0ea977cee491f96, topology_type: ReplicaSetNoPrimary, servers: [<ServerDescription ('ac-idvu2ff-shard-00-00.z9yxifc.mongodb.net', 27017) server_type: Unknown, rtt: None, error=AutoReconnect('ac-idvu2ff-shard-00-00.z9yxifc.mongodb.net:27017: [Errno 11001] getaddrinfo failed (configured timeouts: socketTimeoutMS: 20000.0ms, connectTimeoutMS: 20000.0ms)')>, <ServerDescription ('ac-idvu2ff-shard-00-01.z9yxifc.mongodb.net', 27017) server_type: Unknown, rtt: None, error=AutoReconnect('ac-idvu2ff-shard-00-01.z9yxifc.mongodb.net:27017: [Errno 11001] getaddrinfo failed (configured timeouts: socketTimeoutMS: 20000.0ms, connectTimeoutMS: 20000.0ms)')>, <ServerDescription ('ac-idvu2ff-shard-00-02.z9yxifc.mongodb.net', 27017) server_type: Unknown, rtt: None, error=AutoReconnect('ac-idvu2ff-shard-00-02.z9yxifc.mongodb.net:27017: [Errno 11001] getaddrinfo failed (configured timeouts: socketTimeoutMS: 20000.0ms, connectTimeoutMS: 20000.0ms)')>]>
2026-06-02 18:47:45,672 | ERROR | server | - | stuck-run cleanup loop crashed; will retry next interval
Traceback (most recent call last):
  File "C:\Internship\ai-testing-platform\backend\server.py", line 251, in _stuck_run_cleanup_loop
    stuck_records = list(stuck_cursor)
                    ^^^^^^^^^^^^^^^^^^
  File "C:\Internship\ai-testing-platform\.venv\Lib\site-packages\pymongo\synchronous\cursor.py", line 1166, in __next__
    return self.next()
           ^^^^^^^^^^^
  File "C:\Internship\ai-testing-platform\.venv\Lib\site-packages\pymongo\synchronous\cursor.py", line 1142, in next
    if len(self._data) or self._refresh():
                          ^^^^^^^^^^^^^^^
  File "C:\Internship\ai-testing-platform\.venv\Lib\site-packages\pymongo\synchronous\cursor.py", line 1090, in _refresh
    self._send_message(q)
  File "C:\Internship\ai-testing-platform\.venv\Lib\site-packages\pymongo\synchronous\cursor.py", line 985, in _send_message
    response = client._run_operation(
               ^^^^^^^^^^^^^^^^^^^^^^
  File "C:\Internship\ai-testing-platform\.venv\Lib\site-packages\pymongo\_csot.py", line 125, in csot_wrapper
    return func(self, *args, **kwargs)
           ^^^^^^^^^^^^^^^^^^^^^^^^^^^
  File "C:\Internship\ai-testing-platform\.venv\Lib\site-packages\pymongo\synchronous\mongo_client.py", line 1956, in _run_operation
    return self._retryable_read(
           ^^^^^^^^^^^^^^^^^^^^^
  File "C:\Internship\ai-testing-platform\.venv\Lib\site-packages\pymongo\synchronous\mongo_client.py", line 2076, in _retryable_read
    return self._retry_internal(
           ^^^^^^^^^^^^^^^^^^^^^
  File "C:\Internship\ai-testing-platform\.venv\Lib\site-packages\pymongo\_csot.py", line 125, in csot_wrapper
    return func(self, *args, **kwargs)
           ^^^^^^^^^^^^^^^^^^^^^^^^^^^
  File "C:\Internship\ai-testing-platform\.venv\Lib\site-packages\pymongo\synchronous\mongo_client.py", line 2038, in _retry_internal
    ).run()
      ^^^^^
  File "C:\Internship\ai-testing-platform\.venv\Lib\site-packages\pymongo\synchronous\mongo_client.py", line 2811, in run
    res = self._read() if self._is_read else self._write()
          ^^^^^^^^^^^^
  File "C:\Internship\ai-testing-platform\.venv\Lib\site-packages\pymongo\synchronous\mongo_client.py", line 3027, in _read
    self._server = self._get_server()
                   ^^^^^^^^^^^^^^^^^^
  File "C:\Internship\ai-testing-platform\.venv\Lib\site-packages\pymongo\synchronous\mongo_client.py", line 2975, in _get_server
    return self._client._select_server(
           ^^^^^^^^^^^^^^^^^^^^^^^^^^^^
  File "C:\Internship\ai-testing-platform\.venv\Lib\site-packages\pymongo\synchronous\mongo_client.py", line 1851, in _select_server
    server = topology.select_server(
             ^^^^^^^^^^^^^^^^^^^^^^^
  File "C:\Internship\ai-testing-platform\.venv\Lib\site-packages\pymongo\synchronous\topology.py", line 428, in select_server
    server = self._select_server(
             ^^^^^^^^^^^^^^^^^^^^
  File "C:\Internship\ai-testing-platform\.venv\Lib\site-packages\pymongo\synchronous\topology.py", line 402, in _select_server
    servers = self.select_servers(
              ^^^^^^^^^^^^^^^^^^^^
  File "C:\Internship\ai-testing-platform\.venv\Lib\site-packages\pymongo\synchronous\topology.py", line 298, in select_servers
    server_descriptions = self._select_servers_loop(
                          ^^^^^^^^^^^^^^^^^^^^^^^^^^
  File "C:\Internship\ai-testing-platform\.venv\Lib\site-packages\pymongo\synchronous\topology.py", line 359, in _select_servers_loop
    raise ServerSelectionTimeoutError(
pymongo.errors.ServerSelectionTimeoutError: ac-idvu2ff-shard-00-00.z9yxifc.mongodb.net:27017: [Errno 11001] getaddrinfo failed (configured timeouts: socketTimeoutMS: 20000.0ms, connectTimeoutMS: 20000.0ms),ac-idvu2ff-shard-00-01.z9yxifc.mongodb.net:27017: [Errno 11001] getaddrinfo failed (configured timeouts: socketTimeoutMS: 20000.0ms, connectTimeoutMS: 20000.0ms),ac-idvu2ff-shard-00-02.z9yxifc.mongodb.net:27017: [Errno 11001] getaddrinfo failed (configured timeouts: socketTimeoutMS: 20000.0ms, connectTimeoutMS: 20000.0ms), Timeout: 30s, Topology Description: <TopologyDescription id: 6a1e8534f0ea977cee491f96, topology_type: ReplicaSetNoPrimary, servers: [<ServerDescription ('ac-idvu2ff-shard-00-00.z9yxifc.mongodb.net', 27017) server_type: Unknown, rtt: None, error=AutoReconnect('ac-idvu2ff-shard-00-00.z9yxifc.mongodb.net:27017: [Errno 11001] getaddrinfo failed (configured timeouts: socketTimeoutMS: 20000.0ms, connectTimeoutMS: 20000.0ms)')>, <ServerDescription ('ac-idvu2ff-shard-00-01.z9yxifc.mongodb.net', 27017) server_type: Unknown, rtt: None, error=AutoReconnect('ac-idvu2ff-shard-00-01.z9yxifc.mongodb.net:27017: [Errno 11001] getaddrinfo failed (configured timeouts: socketTimeoutMS: 20000.0ms, connectTimeoutMS: 20000.0ms)')>, <ServerDescription ('ac-idvu2ff-shard-00-02.z9yxifc.mongodb.net', 27017) server_type: Unknown, rtt: None, error=AutoReconnect('ac-idvu2ff-shard-00-02.z9yxifc.mongodb.net:27017: [Errno 11001] getaddrinfo failed (configured timeouts: socketTimeoutMS: 20000.0ms, connectTimeoutMS: 20000.0ms)')>]>
2026-06-02 18:51:43,876 | INFO | backend.agent.services.website_health_service | None | Starting website health analysis for execution 8dfb91c6-68ba-45d5-916a-54b55f644f47
2026-06-02 18:51:44,139 | ERROR | backend.agent.services.visual_issue_service | None | Failed to analyze image artifacts/8dfb91c6-68ba-45d5-916a-54b55f644f47/initial.png: cannot access local variable 'size' where it is not associated with a value
Traceback (most recent call last):
  File "C:\Internship\ai-testing-platform\backend\agent\services\visual_issue_service.py", line 40, in analyze_visuals
    if size < 16000:
       ^^^^
UnboundLocalError: cannot access local variable 'size' where it is not associated with a value
2026-06-02 18:51:44,149 | INFO | backend.agent.services.website_health_service | None | Website health analysis complete: score=80
